"Age","Education","Marital_Status","Occupation","Sex","Hours_PW","Income"
79,"11th","Married-civ-spouse","Exec-managerial","Male",7,0
44,"10th","Divorced","Adm-clerical","Female",42,0
51,"Masters","Married-civ-spouse","Prof-specialty","Female",50,1
30,"HS-grad","Married-civ-spouse","Machine-op-inspct","Male",40,0
52,"Assoc-acdm","Married-civ-spouse","Sales","Male",48,1
33,"5th-6th","Married-civ-spouse","Farming-fishing","Male",40,0
50,"Bachelors","Divorced","Exec-managerial","Male",45,1
51,"Assoc-voc","Married-civ-spouse","Tech-support","Male",40,1
41,"HS-grad","Never-married","Machine-op-inspct","Male",40,0
35,"Bachelors","Married-civ-spouse","Sales","Female",30,1
34,"Some-college","Married-civ-spouse","Exec-managerial","Male",40,1
28,"Bachelors","Never-married","Prof-specialty","Male",45,0
31,"Assoc-voc","Divorced","Sales","Male",40,0
22,"HS-grad","Never-married","Handlers-cleaners","Male",40,0
65,"HS-grad","Married-civ-spouse","Sales","Male",40,1
39,"HS-grad","Married-civ-spouse","Sales","Male",50,1
23,"Some-college","Never-married","Tech-support","Male",40,0
29,"Assoc-acdm","Married-civ-spouse","Sales","Male",50,0
57,"10th","Divorced","Exec-managerial","Male",60,1
47,"Some-college","Widowed","Other-service","Female",35,0
51,"HS-grad","Married-civ-spouse","Transport-moving","Male",60,0
34,"HS-grad","Married-civ-spouse","Handlers-cleaners","Male",40,0
52,"HS-grad","Married-civ-spouse","Exec-managerial","Male",60,1
29,"HS-grad","Married-civ-spouse","Prof-specialty","Male",40,1
29,"HS-grad","Married-civ-spouse","Craft-repair","Male",40,0
25,"Some-college","Married-civ-spouse","Farming-fishing","Male",40,0
21,"Some-college","Never-married","Other-service","Female",40,0
38,"Bachelors","Married-spouse-absent","Prof-specialty","Female",40,0
55,"HS-grad","Married-civ-spouse","Sales","Male",50,1
61,"Bachelors","Separated","Sales","Female",30,0
34,"Assoc-acdm","Never-married","Adm-clerical","Female",60,1
41,"Bachelors","Married-civ-spouse","Adm-clerical","Male",40,0
27,"Assoc-voc","Never-married","Adm-clerical","Male",43,0
78,"Bachelors","Never-married","Exec-managerial","Male",20,1
40,"HS-grad","Married-civ-spouse","Transport-moving","Male",40,1
26,"7th-8th","Married-civ-spouse","Transport-moving","Male",75,0
43,"HS-grad","Married-civ-spouse","Other-service","Male",60,0
25,"Assoc-voc","Married-civ-spouse","Tech-support","Male",40,0
26,"Some-college","Never-married","Other-service","Female",48,0
43,"HS-grad","Married-civ-spouse","Sales","Male",68,1
25,"Some-college","Never-married","Other-service","Male",40,0
22,"Some-college","Never-married","Adm-clerical","Female",30,0
52,"HS-grad","Married-civ-spouse","Craft-repair","Male",55,1
61,"HS-grad","Married-civ-spouse","Adm-clerical","Female",5,0
42,"Bachelors","Never-married","Sales","Male",40,0
21,"Assoc-voc","Never-married","Adm-clerical","Female",40,0
44,"HS-grad","Married-civ-spouse","Transport-moving","Male",40,0
65,"HS-grad","Married-civ-spouse","Craft-repair","Male",40,0
33,"Assoc-acdm","Divorced","Other-service","Male",40,0
22,"10th","Never-married","Adm-clerical","Female",40,0
43,"HS-grad","Divorced","Machine-op-inspct","Female",24,0
45,"HS-grad","Divorced","Exec-managerial","Male",42,0
42,"HS-grad","Divorced","Sales","Female",42,0
37,"HS-grad","Married-spouse-absent","Farming-fishing","Male",40,0
56,"9th","Divorced","Craft-repair","Male",40,0
40,"Assoc-acdm","Divorced","Adm-clerical","Female",32,0
31,"Bachelors","Married-civ-spouse","Sales","Male",55,0
26,"Bachelors","Married-civ-spouse","Prof-specialty","Male",40,0
26,"Bachelors","Never-married","Prof-specialty","Male",40,0
42,"Bachelors","Married-civ-spouse","Exec-managerial","Male",70,0
45,"HS-grad","Married-civ-spouse","Exec-managerial","Male",40,0
47,"Some-college","Married-civ-spouse","Prof-specialty","Male",50,1
22,"Some-college","Married-civ-spouse","Machine-op-inspct","Male",40,0
33,"Bachelors","Never-married","Exec-managerial","Male",40,0
37,"HS-grad","Never-married","Transport-moving","Male",50,0
48,"HS-grad","Married-civ-spouse","Farming-fishing","Male",98,0
57,"10th","Married-civ-spouse","Craft-repair","Male",8,0
47,"Some-college","Divorced","Adm-clerical","Female",60,0
58,"9th","Married-civ-spouse","Transport-moving","Male",40,0
55,"11th","Widowed","Adm-clerical","Female",40,0
52,"Some-college","Married-civ-spouse","Craft-repair","Male",55,0
29,"Bachelors","Never-married","Prof-specialty","Male",40,0
42,"Masters","Never-married","Prof-specialty","Female",40,0
23,"HS-grad","Divorced","Craft-repair","Male",60,0
23,"12th","Never-married","Other-service","Female",30,0
46,"Assoc-voc","Married-civ-spouse","Exec-managerial","Male",60,0
30,"Some-college","Never-married","Machine-op-inspct","Male",40,0
43,"Bachelors","Married-civ-spouse","Prof-specialty","Female",70,1
25,"Some-college","Never-married","Adm-clerical","Female",30,0
32,"HS-grad","Married-civ-spouse","Transport-moving","Male",80,1
56,"9th","Married-civ-spouse","Transport-moving","Male",40,0
33,"HS-grad","Married-civ-spouse","Transport-moving","Male",43,0
19,"Some-college","Never-married","Adm-clerical","Male",10,0
20,"Some-college","Never-married","Sales","Female",18,0
34,"Some-college","Married-civ-spouse","Adm-clerical","Male",40,0
34,"9th","Divorced","Other-service","Female",40,0
55,"HS-grad","Married-civ-spouse","Craft-repair","Male",40,0
55,"9th","Married-civ-spouse","Tech-support","Female",23,0
31,"Some-college","Never-married","Sales","Male",45,0
30,"HS-grad","Divorced","Other-service","Female",40,0
31,"HS-grad","Divorced","Other-service","Male",40,0
51,"HS-grad","Separated","Machine-op-inspct","Male",40,0
59,"HS-grad","Married-civ-spouse","Craft-repair","Male",40,0
58,"HS-grad","Divorced","Adm-clerical","Female",36,0
40,"9th","Married-civ-spouse","Handlers-cleaners","Male",40,0
54,"HS-grad","Married-civ-spouse","Craft-repair","Male",40,0
25,"Bachelors","Married-civ-spouse","Prof-specialty","Male",40,1
18,"11th","Never-married","Farming-fishing","Male",30,0
41,"Some-college","Married-civ-spouse","Craft-repair","Male",40,0
57,"10th","Widowed","Other-service","Female",40,0
37,"HS-grad","Married-civ-spouse","Exec-managerial","Male",40,1
46,"HS-grad","Never-married","Other-service","Female",24,0
39,"HS-grad","Never-married","Other-service","Female",38,0
19,"HS-grad","Never-married","Craft-repair","Female",40,0
41,"Assoc-acdm","Married-civ-spouse","Machine-op-inspct","Male",40,0
54,"HS-grad","Never-married","Adm-clerical","Male",41,0
39,"Masters","Married-civ-spouse","Exec-managerial","Male",40,1
41,"HS-grad","Married-civ-spouse","Craft-repair","Male",40,1
26,"Prof-school","Never-married","Prof-specialty","Female",30,0
57,"HS-grad","Married-civ-spouse","Adm-clerical","Male",50,0
33,"Some-college","Married-civ-spouse","Protective-serv","Male",40,1
56,"Some-college","Married-civ-spouse","Exec-managerial","Male",40,1
60,"HS-grad","Married-civ-spouse","Machine-op-inspct","Male",40,0
22,"HS-grad","Never-married","Transport-moving","Male",70,0
58,"12th","Married-civ-spouse","Transport-moving","Male",40,0
48,"Masters","Married-spouse-absent","Exec-managerial","Female",50,1
45,"Masters","Married-civ-spouse","Prof-specialty","Male",55,1
18,"HS-grad","Never-married","Sales","Female",40,0
56,"HS-grad","Widowed","Other-service","Female",40,0
48,"HS-grad","Married-civ-spouse","Craft-repair","Male",60,1
40,"Bachelors","Never-married","Tech-support","Female",48,0
38,"HS-grad","Divorced","Other-service","Male",32,0
58,"Some-college","Divorced","Adm-clerical","Female",40,0
23,"Some-college","Never-married","Exec-managerial","Male",50,0
51,"Bachelors","Divorced","Prof-specialty","Male",45,0
44,"HS-grad","Married-civ-spouse","Farming-fishing","Male",70,0
46,"Some-college","Divorced","Tech-support","Male",40,0
64,"Bachelors","Married-civ-spouse","Adm-clerical","Male",40,0
32,"Bachelors","Married-civ-spouse","Exec-managerial","Male",40,1
31,"Some-college","Married-civ-spouse","Adm-clerical","Male",40,0
36,"Assoc-voc","Married-civ-spouse","Sales","Male",50,1
21,"HS-grad","Never-married","Other-service","Female",50,0
30,"Some-college","Married-civ-spouse","Craft-repair","Male",40,0
31,"Assoc-voc","Never-married","Other-service","Female",40,0
54,"HS-grad","Married-civ-spouse","Transport-moving","Male",50,0
59,"9th","Married-civ-spouse","Other-service","Male",40,0
28,"Masters","Married-civ-spouse","Prof-specialty","Female",20,1
57,"HS-grad","Divorced","Adm-clerical","Female",40,0
44,"HS-grad","Married-civ-spouse","Craft-repair","Male",45,0
53,"Some-college","Divorced","Exec-managerial","Male",60,0
58,"Some-college","Married-civ-spouse","Exec-managerial","Male",60,1
19,"Some-college","Never-married","Other-service","Female",20,0
39,"Assoc-acdm","Married-civ-spouse","Exec-managerial","Male",50,1
31,"Some-college","Married-civ-spouse","Exec-managerial","Female",70,0
27,"HS-grad","Married-civ-spouse","Craft-repair","Male",40,0
46,"9th","Separated","Other-service","Female",40,0
37,"Masters","Never-married","Exec-managerial","Male",40,0
27,"Bachelors","Never-married","Sales","Female",40,0
33,"Some-college","Never-married","Transport-moving","Male",55,0
20,"Some-college","Never-married","Other-service","Male",16,0
55,"HS-grad","Divorced","Craft-repair","Male",45,0
39,"Assoc-acdm","Never-married","Sales","Female",40,0
41,"HS-grad","Never-married","Other-service","Female",40,0
30,"Bachelors","Never-married","Prof-specialty","Female",40,0
39,"Bachelors","Married-spouse-absent","Sales","Male",40,0
28,"HS-grad","Separated","Exec-managerial","Female",50,0
25,"Some-college","Never-married","Sales","Male",24,0
31,"HS-grad","Married-civ-spouse","Craft-repair","Male",50,0
51,"HS-grad","Married-civ-spouse","Transport-moving","Male",60,0
24,"Bachelors","Never-married","Adm-clerical","Male",40,0
70,"HS-grad","Divorced","Protective-serv","Female",32,0
23,"Some-college","Never-married","Adm-clerical","Male",40,0
61,"HS-grad","Widowed","Exec-managerial","Female",40,0
45,"7th-8th","Married-civ-spouse","Exec-managerial","Male",55,1
47,"HS-grad","Married-civ-spouse","Handlers-cleaners","Male",60,0
56,"Some-college","Divorced","Other-service","Female",50,0
79,"Doctorate","Married-civ-spouse","Prof-specialty","Male",35,1
20,"Some-college","Never-married","Adm-clerical","Female",15,0
30,"HS-grad","Never-married","Craft-repair","Male",40,0
40,"Bachelors","Married-civ-spouse","Sales","Male",40,1
58,"HS-grad","Married-civ-spouse","Craft-repair","Male",40,1
71,"Prof-school","Married-civ-spouse","Farming-fishing","Male",2,0
50,"Prof-school","Married-civ-spouse","Prof-specialty","Male",60,1
29,"Some-college","Never-married","Exec-managerial","Male",40,0
33,"10th","Separated","Other-service","Female",35,0
60,"HS-grad","Married-civ-spouse","Protective-serv","Male",40,1
33,"Assoc-acdm","Never-married","Adm-clerical","Male",50,0
33,"10th","Never-married","Handlers-cleaners","Male",40,0
33,"HS-grad","Married-civ-spouse","Adm-clerical","Female",52,0
32,"HS-grad","Married-civ-spouse","Protective-serv","Male",45,0
21,"Some-college","Never-married","Other-service","Female",9,0
38,"HS-grad","Married-civ-spouse","Prof-specialty","Female",40,0
38,"Some-college","Married-civ-spouse","Adm-clerical","Female",35,1
39,"Some-college","Separated","Exec-managerial","Female",30,0
17,"11th","Never-married","Sales","Female",15,0
21,"Some-college","Married-civ-spouse","Adm-clerical","Male",40,0
42,"Some-college","Married-civ-spouse","Tech-support","Male",20,1
42,"HS-grad","Married-civ-spouse","Exec-managerial","Female",40,1
36,"11th","Divorced","Other-service","Female",40,0
32,"Some-college","Divorced","Exec-managerial","Female",50,1
37,"Bachelors","Married-civ-spouse","Prof-specialty","Male",40,1
28,"Bachelors","Never-married","Sales","Male",40,0
37,"Assoc-voc","Married-civ-spouse","Craft-repair","Male",40,0
50,"HS-grad","Separated","Prof-specialty","Female",60,0
49,"11th","Married-civ-spouse","Craft-repair","Male",40,0
40,"Masters","Married-civ-spouse","Exec-managerial","Male",40,1
40,"Some-college","Married-civ-spouse","Other-service","Male",40,0
49,"Some-college","Married-civ-spouse","Craft-repair","Male",40,0
35,"Masters","Never-married","Exec-managerial","Male",40,1
33,"HS-grad","Divorced","Protective-serv","Male",40,0
24,"HS-grad","Never-married","Craft-repair","Male",40,0
41,"Masters","Never-married","Adm-clerical","Female",40,0
43,"Some-college","Married-civ-spouse","Tech-support","Male",40,1
36,"HS-grad","Married-civ-spouse","Farming-fishing","Male",60,1
84,"Bachelors","Married-civ-spouse","Farming-fishing","Male",20,0
23,"HS-grad","Never-married","Sales","Male",40,0
41,"Bachelors","Married-civ-spouse","Prof-specialty","Male",50,1
55,"HS-grad","Married-civ-spouse","Exec-managerial","Male",45,1
30,"Some-college","Never-married","Craft-repair","Male",45,0
46,"Assoc-acdm","Married-civ-spouse","Adm-clerical","Male",40,0
55,"Some-college","Married-civ-spouse","Exec-managerial","Male",40,1
34,"Some-college","Never-married","Adm-clerical","Male",40,0
54,"Masters","Divorced","Sales","Male",60,0
27,"Some-college","Never-married","Adm-clerical","Male",40,0
52,"Masters","Married-civ-spouse","Prof-specialty","Female",40,1
36,"Some-college","Married-civ-spouse","Adm-clerical","Female",40,1
25,"HS-grad","Never-married","Prof-specialty","Male",40,0
52,"Bachelors","Married-civ-spouse","Exec-managerial","Male",55,1
24,"HS-grad","Divorced","Exec-managerial","Female",50,0
36,"HS-grad","Never-married","Adm-clerical","Female",40,0
31,"HS-grad","Married-civ-spouse","Handlers-cleaners","Male",40,0
90,"Bachelors","Married-civ-spouse","Prof-specialty","Male",50,0
67,"Masters","Married-civ-spouse","Prof-specialty","Male",60,1
22,"7th-8th","Married-civ-spouse","Craft-repair","Male",40,0
47,"Some-college","Divorced","Adm-clerical","Female",35,0
32,"Bachelors","Married-civ-spouse","Exec-managerial","Male",55,1
55,"7th-8th","Married-civ-spouse","Farming-fishing","Male",50,0
32,"HS-grad","Never-married","Handlers-cleaners","Female",35,0
48,"Some-college","Separated","Adm-clerical","Female",40,0
21,"HS-grad","Married-civ-spouse","Sales","Male",35,0
33,"Assoc-acdm","Married-spouse-absent","Prof-specialty","Female",40,0
47,"Assoc-voc","Never-married","Prof-specialty","Female",40,0
18,"11th","Never-married","Other-service","Female",24,0
44,"HS-grad","Married-civ-spouse","Craft-repair","Male",60,1
23,"Some-college","Never-married","Craft-repair","Male",37,0
18,"10th","Never-married","Sales","Female",35,0
56,"HS-grad","Married-civ-spouse","Exec-managerial","Male",50,0
24,"Bachelors","Never-married","Adm-clerical","Male",35,0
43,"Bachelors","Married-civ-spouse","Craft-repair","Male",40,1
23,"Bachelors","Never-married","Sales","Female",60,0
26,"Some-college","Never-married","Sales","Male",42,0
42,"HS-grad","Widowed","Sales","Male",40,0
23,"HS-grad","Never-married","Adm-clerical","Female",40,0
53,"10th","Married-civ-spouse","Craft-repair","Male",40,0
51,"HS-grad","Married-civ-spouse","Exec-managerial","Male",55,1
40,"HS-grad","Never-married","Other-service","Male",25,0
27,"Bachelors","Never-married","Prof-specialty","Male",50,0
24,"Some-college","Separated","Protective-serv","Male",60,0
42,"HS-grad","Divorced","Craft-repair","Female",40,0
41,"HS-grad","Separated","Adm-clerical","Female",40,0
23,"Some-college","Never-married","Handlers-cleaners","Male",10,0
42,"Masters","Married-civ-spouse","Prof-specialty","Male",65,0
38,"HS-grad","Married-civ-spouse","Craft-repair","Male",40,1
63,"7th-8th","Married-civ-spouse","Farming-fishing","Male",30,0
31,"HS-grad","Married-civ-spouse","Craft-repair","Male",40,0
18,"11th","Never-married","Other-service","Female",4,0
21,"Some-college","Never-married","Other-service","Male",30,0
24,"Bachelors","Married-civ-spouse","Prof-specialty","Female",40,0
55,"Some-college","Married-civ-spouse","Craft-repair","Male",40,0
20,"9th","Never-married","Adm-clerical","Female",20,0
31,"Some-college","Divorced","Sales","Female",30,0
23,"Some-college","Never-married","Adm-clerical","Female",20,0
35,"HS-grad","Married-civ-spouse","Craft-repair","Male",40,0
51,"Some-college","Married-civ-spouse","Sales","Male",60,0
19,"Some-college","Never-married","Protective-serv","Female",30,0
38,"HS-grad","Divorced","Protective-serv","Male",56,0
52,"HS-grad","Married-civ-spouse","Craft-repair","Male",40,0
70,"Prof-school","Married-civ-spouse","Prof-specialty","Male",25,0
53,"10th","Divorced","Craft-repair","Male",40,0
59,"Doctorate","Married-civ-spouse","Exec-managerial","Male",40,1
39,"Some-college","Married-civ-spouse","Transport-moving","Male",43,0
18,"12th","Never-married","Sales","Female",20,0
24,"Some-college","Divorced","Adm-clerical","Female",40,0
25,"HS-grad","Never-married","Adm-clerical","Female",38,0
32,"Some-college","Never-married","Exec-managerial","Male",40,0
34,"HS-grad","Married-civ-spouse","Sales","Male",60,1
35,"HS-grad","Never-married","Sales","Female",40,0
50,"HS-grad","Married-civ-spouse","Adm-clerical","Male",45,1
18,"HS-grad","Never-married","Sales","Male",20,0
37,"HS-grad","Never-married","Adm-clerical","Male",42,0
30,"Some-college","Never-married","Other-service","Female",36,0
40,"Masters","Married-civ-spouse","Exec-managerial","Female",30,1
22,"HS-grad","Never-married","Prof-specialty","Female",40,0
50,"Some-college","Separated","Other-service","Female",28,0
70,"HS-grad","Divorced","Other-service","Female",23,0
43,"Masters","Married-civ-spouse","Prof-specialty","Male",40,1
77,"Some-college","Never-married","Craft-repair","Male",40,0
30,"HS-grad","Married-civ-spouse","Craft-repair","Male",40,0
33,"Some-college","Married-civ-spouse","Machine-op-inspct","Male",39,0
51,"Some-college","Married-civ-spouse","Sales","Male",50,1
58,"Masters","Married-civ-spouse","Prof-specialty","Male",50,1
22,"Some-college","Never-married","Adm-clerical","Male",12,0
33,"HS-grad","Married-civ-spouse","Transport-moving","Male",40,0
27,"11th","Married-civ-spouse","Sales","Male",40,0
35,"Some-college","Never-married","Exec-managerial","Male",60,0
32,"Some-college","Divorced","Sales","Female",55,0
41,"Bachelors","Married-civ-spouse","Tech-support","Female",25,1
37,"Some-college","Married-civ-spouse","Craft-repair","Male",40,0
17,"11th","Never-married","Sales","Male",15,0
50,"Bachelors","Divorced","Exec-managerial","Male",55,1
54,"HS-grad","Separated","Exec-managerial","Female",38,0
23,"HS-grad","Never-married","Other-service","Male",40,0
40,"Bachelors","Divorced","Adm-clerical","Female",20,0
29,"Bachelors","Married-civ-spouse","Prof-specialty","Male",40,0
30,"Assoc-voc","Married-civ-spouse","Exec-managerial","Male",55,0
20,"Some-college","Never-married","Sales","Male",8,0
43,"Some-college","Married-civ-spouse","Farming-fishing","Male",50,0
25,"Some-college","Never-married","Tech-support","Male",25,0
39,"Masters","Married-civ-spouse","Sales","Male",50,1
48,"Assoc-acdm","Married-civ-spouse","Prof-specialty","Male",50,1
41,"HS-grad","Divorced","Other-service","Female",40,0
24,"Bachelors","Never-married","Adm-clerical","Male",30,0
20,"Some-college","Never-married","Adm-clerical","Male",40,0
25,"Some-college","Never-married","Adm-clerical","Female",40,0
57,"Some-college","Married-civ-spouse","Craft-repair","Male",40,1
39,"Some-college","Married-civ-spouse","Exec-managerial","Female",35,1
66,"Bachelors","Married-civ-spouse","Prof-specialty","Male",40,1
34,"Some-college","Divorced","Adm-clerical","Female",40,0
36,"Bachelors","Divorced","Prof-specialty","Male",40,1
46,"HS-grad","Married-civ-spouse","Sales","Female",40,0
42,"Masters","Divorced","Prof-specialty","Female",45,0
46,"HS-grad","Married-civ-spouse","Transport-moving","Male",70,1
34,"HS-grad","Never-married","Protective-serv","Male",40,0
43,"Some-college","Married-civ-spouse","Tech-support","Female",40,0
42,"Some-college","Divorced","Exec-managerial","Female",40,0
31,"Bachelors","Never-married","Sales","Male",48,0
32,"Some-college","Married-civ-spouse","Exec-managerial","Male",40,0
46,"HS-grad","Married-civ-spouse","Adm-clerical","Male",40,1
42,"7th-8th","Divorced","Craft-repair","Male",25,0
21,"Assoc-voc","Never-married","Exec-managerial","Male",40,0
24,"Bachelors","Never-married","Sales","Female",40,0
23,"HS-grad","Never-married","Sales","Male",55,0
50,"Masters","Married-civ-spouse","Prof-specialty","Male",40,1
37,"Some-college","Divorced","Adm-clerical","Female",45,0
44,"Assoc-acdm","Married-civ-spouse","Craft-repair","Male",40,1
29,"HS-grad","Married-civ-spouse","Transport-moving","Male",40,0
30,"Assoc-voc","Married-civ-spouse","Adm-clerical","Female",24,0
36,"Some-college","Married-civ-spouse","Sales","Male",44,0
49,"Bachelors","Never-married","Sales","Male",45,0
29,"HS-grad","Divorced","Craft-repair","Male",40,0
45,"HS-grad","Never-married","Adm-clerical","Female",40,0
75,"Doctorate","Married-civ-spouse","Prof-specialty","Male",20,1
37,"Assoc-acdm","Divorced","Exec-managerial","Female",40,0
51,"Bachelors","Married-civ-spouse","Machine-op-inspct","Male",25,0
61,"HS-grad","Married-civ-spouse","Farming-fishing","Male",48,0
50,"HS-grad","Married-civ-spouse","Adm-clerical","Male",40,0
59,"HS-grad","Never-married","Machine-op-inspct","Male",40,0
25,"HS-grad","Never-married","Adm-clerical","Female",30,0
22,"HS-grad","Never-married","Handlers-cleaners","Male",16,0
56,"Some-college","Married-civ-spouse","Transport-moving","Male",40,1
44,"Bachelors","Never-married","Adm-clerical","Female",40,0
35,"Assoc-voc","Married-civ-spouse","Craft-repair","Male",50,0
57,"HS-grad","Never-married","Exec-managerial","Male",40,0
47,"HS-grad","Married-civ-spouse","Farming-fishing","Male",50,1
27,"Bachelors","Never-married","Exec-managerial","Female",40,0
50,"HS-grad","Married-civ-spouse","Farming-fishing","Male",20,0
46,"11th","Married-civ-spouse","Transport-moving","Male",40,0
48,"Prof-school","Married-civ-spouse","Prof-specialty","Male",60,1
61,"Bachelors","Divorced","Adm-clerical","Male",40,1
33,"HS-grad","Never-married","Transport-moving","Male",87,0
40,"HS-grad","Married-civ-spouse","Other-service","Male",40,0
58,"Some-college","Married-civ-spouse","Exec-managerial","Male",65,1
46,"Masters","Married-civ-spouse","Exec-managerial","Male",50,1
35,"Some-college","Married-civ-spouse","Prof-specialty","Male",40,1
51,"Some-college","Divorced","Exec-managerial","Female",50,0
37,"12th","Never-married","Other-service","Female",40,0
64,"Masters","Married-civ-spouse","Prof-specialty","Male",60,0
41,"HS-grad","Never-married","Craft-repair","Male",54,0
18,"11th","Never-married","Handlers-cleaners","Male",30,0
44,"11th","Married-civ-spouse","Farming-fishing","Male",88,0
41,"Bachelors","Married-civ-spouse","Prof-specialty","Female",48,1
33,"Some-college","Separated","Prof-specialty","Male",40,1
37,"9th","Separated","Priv-house-serv","Female",16,0
34,"Some-college","Never-married","Adm-clerical","Female",40,0
20,"Some-college","Never-married","Handlers-cleaners","Male",40,0
38,"Bachelors","Married-civ-spouse","Exec-managerial","Male",40,0
28,"Assoc-voc","Never-married","Other-service","Female",40,0
20,"HS-grad","Never-married","Transport-moving","Male",45,0
22,"Bachelors","Never-married","Tech-support","Male",8,0
55,"Bachelors","Divorced","Adm-clerical","Female",73,0
20,"Some-college","Never-married","Prof-specialty","Male",35,0
26,"Bachelors","Never-married","Prof-specialty","Female",40,0
20,"HS-grad","Never-married","Farming-fishing","Male",70,0
40,"9th","Divorced","Other-service","Female",40,0
33,"HS-grad","Married-civ-spouse","Sales","Male",50,1
24,"HS-grad","Never-married","Sales","Female",40,0
25,"Some-college","Never-married","Exec-managerial","Male",46,0
18,"11th","Never-married","Other-service","Male",8,0
49,"HS-grad","Married-civ-spouse","Craft-repair","Male",60,0
17,"12th","Never-married","Handlers-cleaners","Male",17,0
34,"Assoc-voc","Married-civ-spouse","Craft-repair","Male",45,0
37,"Bachelors","Married-civ-spouse","Prof-specialty","Male",45,1
49,"Some-college","Married-civ-spouse","Exec-managerial","Male",40,1
74,"HS-grad","Widowed","Adm-clerical","Female",40,1
37,"HS-grad","Divorced","Farming-fishing","Male",40,0
20,"11th","Married-civ-spouse","Handlers-cleaners","Male",40,0
40,"HS-grad","Married-civ-spouse","Exec-managerial","Female",35,1
34,"Bachelors","Never-married","Sales","Male",40,1
30,"Prof-school","Married-civ-spouse","Prof-specialty","Male",40,0
44,"HS-grad","Separated","Adm-clerical","Female",40,0
40,"10th","Married-civ-spouse","Other-service","Female",32,0
58,"HS-grad","Married-civ-spouse","Sales","Female",40,0
44,"HS-grad","Married-civ-spouse","Craft-repair","Male",40,0
42,"Some-college","Married-civ-spouse","Sales","Male",25,1
39,"HS-grad","Never-married","Other-service","Male",18,0
19,"HS-grad","Never-married","Other-service","Male",40,0
41,"Masters","Married-civ-spouse","Exec-managerial","Male",70,1
29,"Masters","Never-married","Prof-specialty","Male",40,0
34,"Some-college","Never-married","Craft-repair","Male",40,0
27,"Preschool","Married-civ-spouse","Farming-fishing","Male",24,0
54,"Some-college","Divorced","Craft-repair","Female",48,0
40,"HS-grad","Widowed","Machine-op-inspct","Female",37,0
19,"Some-college","Never-married","Sales","Female",25,0
17,"11th","Never-married","Other-service","Male",10,0
33,"Some-college","Married-civ-spouse","Sales","Male",52,0
80,"7th-8th","Widowed","Other-service","Female",24,0
24,"HS-grad","Never-married","Craft-repair","Male",50,0
28,"Bachelors","Never-married","Prof-specialty","Male",40,0
55,"HS-grad","Married-civ-spouse","Exec-managerial","Female",30,1
21,"Some-college","Never-married","Exec-managerial","Male",40,0
51,"HS-grad","Divorced","Adm-clerical","Female",38,0
19,"HS-grad","Never-married","Machine-op-inspct","Female",40,0
42,"HS-grad","Never-married","Other-service","Female",24,0
60,"HS-grad","Married-civ-spouse","Exec-managerial","Male",48,0
51,"HS-grad","Divorced","Adm-clerical","Female",40,0
21,"Some-college","Never-married","Other-service","Female",40,0
37,"Some-college","Married-civ-spouse","Craft-repair","Male",40,0
26,"HS-grad","Never-married","Machine-op-inspct","Male",52,0
42,"Masters","Never-married","Exec-managerial","Female",60,1
40,"Some-college","Married-civ-spouse","Handlers-cleaners","Male",40,0
55,"Masters","Married-civ-spouse","Prof-specialty","Male",40,1
33,"HS-grad","Never-married","Other-service","Male",32,0
62,"HS-grad","Married-civ-spouse","Transport-moving","Male",60,1
47,"10th","Divorced","Sales","Female",30,0
26,"12th","Never-married","Sales","Male",51,0
59,"HS-grad","Married-spouse-absent","Adm-clerical","Female",20,0
70,"Some-college","Widowed","Adm-clerical","Female",17,0
26,"Some-college","Never-married","Adm-clerical","Female",20,0
47,"10th","Married-civ-spouse","Sales","Male",65,0
25,"Masters","Never-married","Exec-managerial","Female",43,0
52,"Prof-school","Married-civ-spouse","Prof-specialty","Male",60,1
46,"HS-grad","Married-civ-spouse","Craft-repair","Male",40,0
67,"10th","Married-civ-spouse","Transport-moving","Male",20,0
34,"Masters","Married-civ-spouse","Exec-managerial","Male",50,1
53,"Some-college","Divorced","Adm-clerical","Female",40,0
22,"Bachelors","Never-married","Adm-clerical","Female",35,0
39,"HS-grad","Divorced","Adm-clerical","Male",42,0
54,"HS-grad","Married-civ-spouse","Craft-repair","Male",35,0
24,"Bachelors","Married-civ-spouse","Sales","Male",40,0
37,"HS-grad","Separated","Prof-specialty","Female",38,0
38,"10th","Never-married","Prof-specialty","Male",90,1
41,"Masters","Never-married","Prof-specialty","Female",40,0
36,"HS-grad","Married-civ-spouse","Transport-moving","Male",33,0
43,"Assoc-voc","Married-civ-spouse","Exec-managerial","Male",40,1
39,"Bachelors","Divorced","Prof-specialty","Male",40,0
26,"Bachelors","Never-married","Sales","Male",45,0
49,"Masters","Never-married","Prof-specialty","Female",40,0
37,"Bachelors","Married-civ-spouse","Prof-specialty","Male",55,1
43,"Some-college","Married-civ-spouse","Exec-managerial","Male",50,1
54,"HS-grad","Married-civ-spouse","Prof-specialty","Male",40,1
53,"5th-6th","Married-civ-spouse","Sales","Male",40,1
57,"Masters","Married-civ-spouse","Prof-specialty","Male",60,0
28,"Bachelors","Married-civ-spouse","Prof-specialty","Male",40,1
29,"Bachelors","Married-civ-spouse","Other-service","Male",40,0
21,"HS-grad","Never-married","Sales","Male",40,0
51,"HS-grad","Married-civ-spouse","Craft-repair","Male",40,0
46,"HS-grad","Married-civ-spouse","Transport-moving","Male",40,0
50,"Prof-school","Married-civ-spouse","Prof-specialty","Male",75,1
50,"HS-grad","Widowed","Exec-managerial","Female",48,0
36,"HS-grad","Divorced","Exec-managerial","Female",40,0
31,"Bachelors","Married-civ-spouse","Prof-specialty","Male",40,0
20,"HS-grad","Never-married","Adm-clerical","Female",10,0
36,"HS-grad","Married-civ-spouse","Handlers-cleaners","Male",40,0
38,"HS-grad","Divorced","Craft-repair","Male",40,0
37,"Bachelors","Married-civ-spouse","Craft-repair","Male",45,1
39,"Masters","Married-civ-spouse","Prof-specialty","Male",40,1
18,"10th","Never-married","Farming-fishing","Male",36,0
33,"HS-grad","Divorced","Sales","Male",50,0
35,"HS-grad","Never-married","Tech-support","Female",40,0
23,"Some-college","Never-married","Handlers-cleaners","Male",40,0
37,"Bachelors","Separated","Other-service","Female",36,0
25,"HS-grad","Married-civ-spouse","Other-service","Male",30,0
51,"Assoc-acdm","Married-civ-spouse","Tech-support","Male",40,0
35,"HS-grad","Married-civ-spouse","Craft-repair","Male",40,0
54,"11th","Married-civ-spouse","Machine-op-inspct","Male",40,0
32,"HS-grad","Never-married","Other-service","Female",13,0
37,"Bachelors","Never-married","Protective-serv","Male",55,1
29,"Bachelors","Married-civ-spouse","Sales","Male",40,1
45,"Bachelors","Married-civ-spouse","Handlers-cleaners","Male",37,0
61,"Some-college","Married-civ-spouse","Sales","Male",40,0
40,"Some-college","Divorced","Adm-clerical","Female",40,0
24,"HS-grad","Never-married","Transport-moving","Female",49,0
49,"7th-8th","Married-civ-spouse","Machine-op-inspct","Male",38,0
51,"Masters","Divorced","Exec-managerial","Male",50,1
34,"HS-grad","Married-civ-spouse","Transport-moving","Male",40,0
20,"Some-college","Never-married","Sales","Male",40,0
30,"Some-college","Divorced","Adm-clerical","Female",37,0
49,"Masters","Divorced","Prof-specialty","Male",80,1
26,"Some-college","Never-married","Sales","Male",40,0
63,"10th","Married-civ-spouse","Adm-clerical","Male",45,0
36,"Assoc-acdm","Never-married","Transport-moving","Male",55,0
63,"Bachelors","Married-civ-spouse","Prof-specialty","Male",40,1
22,"HS-grad","Never-married","Adm-clerical","Female",10,0
40,"HS-grad","Married-civ-spouse","Sales","Male",40,1
31,"7th-8th","Widowed","Adm-clerical","Female",35,0
49,"Some-college","Married-civ-spouse","Craft-repair","Male",50,0
23,"Bachelors","Never-married","Prof-specialty","Female",20,0
25,"Assoc-voc","Never-married","Sales","Male",40,1
28,"Bachelors","Married-civ-spouse","Craft-repair","Male",45,1
44,"Some-college","Divorced","Machine-op-inspct","Male",35,0
33,"HS-grad","Separated","Transport-moving","Male",40,0
21,"Some-college","Never-married","Adm-clerical","Male",45,0
55,"11th","Married-civ-spouse","Other-service","Male",40,0
75,"HS-grad","Divorced","Sales","Male",15,0
61,"9th","Never-married","Machine-op-inspct","Female",40,0
53,"HS-grad","Divorced","Adm-clerical","Female",40,0
26,"Assoc-acdm","Married-civ-spouse","Protective-serv","Male",45,1
48,"Some-college","Widowed","Sales","Male",50,1
28,"Masters","Married-civ-spouse","Exec-managerial","Male",50,1
29,"HS-grad","Married-civ-spouse","Handlers-cleaners","Male",45,0
25,"Some-college","Divorced","Tech-support","Female",40,0
37,"HS-grad","Married-civ-spouse","Transport-moving","Male",40,0
43,"Bachelors","Divorced","Prof-specialty","Female",55,0
40,"HS-grad","Married-civ-spouse","Transport-moving","Male",40,0
34,"10th","Married-civ-spouse","Craft-repair","Male",45,1
55,"Doctorate","Married-civ-spouse","Prof-specialty","Male",30,1
31,"Assoc-acdm","Never-married","Tech-support","Male",20,0
32,"HS-grad","Married-civ-spouse","Farming-fishing","Male",40,0
26,"Prof-school","Never-married","Prof-specialty","Male",50,0
26,"Bachelors","Married-civ-spouse","Prof-specialty","Male",50,1
44,"Some-college","Married-civ-spouse","Transport-moving","Male",40,0
49,"HS-grad","Married-civ-spouse","Transport-moving","Male",52,1
26,"HS-grad","Never-married","Adm-clerical","Female",30,0
40,"HS-grad","Married-civ-spouse","Farming-fishing","Male",60,0
19,"11th","Never-married","Adm-clerical","Female",40,0
58,"HS-grad","Married-civ-spouse","Farming-fishing","Male",40,0
61,"Assoc-voc","Married-civ-spouse","Tech-support","Male",40,1
28,"Some-college","Married-civ-spouse","Sales","Male",63,0
26,"Bachelors","Never-married","Farming-fishing","Male",40,0
64,"HS-grad","Never-married","Adm-clerical","Female",25,0
42,"Bachelors","Married-civ-spouse","Exec-managerial","Male",60,1
41,"Some-college","Married-civ-spouse","Tech-support","Male",40,1
45,"HS-grad","Never-married","Handlers-cleaners","Male",40,0
39,"Bachelors","Married-civ-spouse","Sales","Male",50,1
41,"HS-grad","Married-civ-spouse","Other-service","Male",40,0
51,"11th","Separated","Other-service","Female",40,0
34,"Assoc-voc","Divorced","Adm-clerical","Female",40,0
33,"Masters","Married-civ-spouse","Exec-managerial","Male",45,1
23,"Some-college","Separated","Other-service","Male",40,1
35,"Some-college","Married-civ-spouse","Craft-repair","Male",60,0
41,"11th","Divorced","Priv-house-serv","Female",25,0
39,"Masters","Never-married","Craft-repair","Female",50,0
41,"Some-college","Married-civ-spouse","Sales","Male",55,0
33,"Some-college","Married-civ-spouse","Exec-managerial","Male",40,0
22,"HS-grad","Never-married","Other-service","Male",40,0
25,"Some-college","Never-married","Exec-managerial","Female",45,0
25,"Some-college","Divorced","Machine-op-inspct","Female",40,0
77,"7th-8th","Married-spouse-absent","Adm-clerical","Male",20,1
66,"HS-grad","Widowed","Sales","Female",40,0
19,"Some-college","Never-married","Sales","Male",35,0
44,"HS-grad","Never-married","Other-service","Female",38,0
45,"Masters","Divorced","Sales","Female",42,1
28,"Some-college","Never-married","Sales","Male",50,0
19,"HS-grad","Never-married","Handlers-cleaners","Male",40,0
43,"HS-grad","Married-civ-spouse","Machine-op-inspct","Male",40,1
39,"Bachelors","Married-civ-spouse","Tech-support","Male",40,1
33,"Bachelors","Married-civ-spouse","Sales","Male",50,0
44,"HS-grad","Married-spouse-absent","Other-service","Female",40,0
62,"7th-8th","Widowed","Machine-op-inspct","Female",40,0
40,"Some-college","Married-civ-spouse","Sales","Male",50,1
41,"HS-grad","Never-married","Other-service","Male",6,0
23,"Some-college","Never-married","Other-service","Male",30,0
48,"HS-grad","Married-civ-spouse","Craft-repair","Male",40,1
38,"Masters","Married-civ-spouse","Prof-specialty","Male",45,0
37,"Masters","Married-civ-spouse","Exec-managerial","Male",50,1
45,"Masters","Married-civ-spouse","Prof-specialty","Male",55,1
29,"HS-grad","Married-civ-spouse","Protective-serv","Male",40,0
66,"HS-grad","Widowed","Adm-clerical","Female",25,0
19,"HS-grad","Never-married","Other-service","Female",50,0
23,"9th","Never-married","Handlers-cleaners","Male",39,0
34,"Bachelors","Married-civ-spouse","Tech-support","Male",40,1
39,"Masters","Never-married","Exec-managerial","Female",45,0
33,"HS-grad","Never-married","Transport-moving","Male",60,0
43,"Some-college","Separated","Sales","Female",10,0
27,"HS-grad","Married-civ-spouse","Transport-moving","Male",99,0
33,"Some-college","Separated","Adm-clerical","Male",35,0
26,"5th-6th","Married-civ-spouse","Farming-fishing","Male",30,0
56,"Masters","Divorced","Exec-managerial","Male",60,1
46,"HS-grad","Married-civ-spouse","Sales","Male",36,0
38,"Assoc-acdm","Divorced","Craft-repair","Female",40,0
90,"11th","Married-civ-spouse","Craft-repair","Male",40,0
72,"Some-college","Married-civ-spouse","Exec-managerial","Male",25,1
20,"HS-grad","Never-married","Adm-clerical","Female",15,0
29,"HS-grad","Married-civ-spouse","Craft-repair","Male",48,0
49,"11th","Married-civ-spouse","Transport-moving","Male",75,0
23,"HS-grad","Never-married","Other-service","Female",35,0
20,"Some-college","Married-spouse-absent","Sales","Female",18,0
57,"Bachelors","Married-civ-spouse","Exec-managerial","Male",40,0
46,"Assoc-acdm","Divorced","Prof-specialty","Female",40,0
33,"Bachelors","Married-civ-spouse","Prof-specialty","Male",40,1
24,"Bachelors","Never-married","Sales","Male",55,0
49,"Assoc-voc","Married-civ-spouse","Craft-repair","Male",45,0
54,"HS-grad","Married-civ-spouse","Transport-moving","Male",65,0
46,"Doctorate","Never-married","Prof-specialty","Female",50,1
31,"Assoc-voc","Married-civ-spouse","Craft-repair","Male",50,0
43,"Prof-school","Married-civ-spouse","Prof-specialty","Male",40,1
19,"HS-grad","Never-married","Machine-op-inspct","Male",40,0
46,"Assoc-acdm","Never-married","Adm-clerical","Male",40,0
43,"Bachelors","Divorced","Prof-specialty","Male",40,0
58,"HS-grad","Widowed","Craft-repair","Male",40,0
43,"HS-grad","Married-civ-spouse","Sales","Male",45,0
21,"12th","Never-married","Adm-clerical","Male",25,0
52,"Masters","Never-married","Adm-clerical","Male",70,1
34,"Assoc-voc","Married-civ-spouse","Craft-repair","Male",32,1
28,"Assoc-voc","Never-married","Handlers-cleaners","Female",40,0
34,"HS-grad","Divorced","Transport-moving","Male",40,0
29,"HS-grad","Married-civ-spouse","Machine-op-inspct","Male",40,1
39,"HS-grad","Married-civ-spouse","Farming-fishing","Male",65,0
49,"11th","Divorced","Machine-op-inspct","Female",35,0
35,"Some-college","Married-civ-spouse","Craft-repair","Male",50,1
31,"Some-college","Divorced","Other-service","Female",20,0
18,"Some-college","Never-married","Handlers-cleaners","Male",30,0
47,"HS-grad","Married-civ-spouse","Other-service","Male",40,1
46,"HS-grad","Married-civ-spouse","Sales","Male",50,0
43,"Bachelors","Married-civ-spouse","Sales","Male",40,1
51,"HS-grad","Married-civ-spouse","Craft-repair","Male",40,1
21,"Some-college","Never-married","Adm-clerical","Female",40,0
31,"Bachelors","Married-civ-spouse","Prof-specialty","Female",35,1
39,"HS-grad","Married-civ-spouse","Protective-serv","Male",40,1
58,"11th","Married-civ-spouse","Adm-clerical","Male",48,0
36,"Masters","Never-married","Prof-specialty","Female",40,0
38,"HS-grad","Married-civ-spouse","Machine-op-inspct","Female",40,0
31,"Bachelors","Married-civ-spouse","Exec-managerial","Female",35,1
19,"11th","Never-married","Handlers-cleaners","Male",40,0
38,"Assoc-voc","Divorced","Tech-support","Female",36,0
26,"Assoc-voc","Never-married","Prof-specialty","Female",60,0
38,"Assoc-acdm","Divorced","Adm-clerical","Female",16,0
36,"Some-college","Married-civ-spouse","Craft-repair","Male",45,0
40,"HS-grad","Married-civ-spouse","Exec-managerial","Male",45,1
41,"Bachelors","Married-civ-spouse","Tech-support","Female",25,1
33,"HS-grad","Never-married","Sales","Male",45,0
51,"HS-grad","Married-civ-spouse","Machine-op-inspct","Male",40,0
34,"HS-grad","Married-civ-spouse","Sales","Male",40,0
33,"Assoc-voc","Divorced","Sales","Male",40,0
25,"10th","Married-civ-spouse","Craft-repair","Male",45,0
30,"HS-grad","Never-married","Sales","Male",66,0
19,"Some-college","Never-married","Adm-clerical","Male",25,0
47,"HS-grad","Married-civ-spouse","Exec-managerial","Female",40,1
26,"Bachelors","Never-married","Adm-clerical","Female",40,0
21,"Some-college","Never-married","Other-service","Female",14,0
36,"HS-grad","Married-civ-spouse","Other-service","Male",60,1
60,"10th","Married-civ-spouse","Machine-op-inspct","Male",40,0
28,"HS-grad","Never-married","Prof-specialty","Male",40,0
19,"HS-grad","Never-married","Adm-clerical","Female",14,0
42,"Bachelors","Married-civ-spouse","Prof-specialty","Male",90,0
36,"HS-grad","Separated","Machine-op-inspct","Female",36,0
35,"HS-grad","Married-civ-spouse","Other-service","Female",38,0
22,"Some-college","Never-married","Adm-clerical","Female",25,0
54,"HS-grad","Married-civ-spouse","Craft-repair","Male",40,1
36,"Bachelors","Married-civ-spouse","Prof-specialty","Male",45,0
55,"HS-grad","Married-civ-spouse","Transport-moving","Male",65,0
57,"Masters","Married-civ-spouse","Adm-clerical","Male",40,0
56,"7th-8th","Married-civ-spouse","Transport-moving","Male",36,0
24,"HS-grad","Married-civ-spouse","Exec-managerial","Male",50,0
35,"Bachelors","Married-civ-spouse","Prof-specialty","Male",40,1
51,"11th","Divorced","Sales","Male",40,0
34,"HS-grad","Divorced","Exec-managerial","Male",44,0
36,"Assoc-acdm","Divorced","Adm-clerical","Female",42,0
51,"9th","Separated","Other-service","Female",40,0
46,"Doctorate","Married-civ-spouse","Prof-specialty","Male",60,1
42,"HS-grad","Divorced","Exec-managerial","Female",50,0
25,"Bachelors","Never-married","Prof-specialty","Female",40,0
22,"HS-grad","Never-married","Handlers-cleaners","Male",50,0
37,"HS-grad","Married-civ-spouse","Craft-repair","Male",40,0
48,"Bachelors","Divorced","Sales","Male",40,1
61,"Bachelors","Married-civ-spouse","Prof-specialty","Male",50,1
40,"12th","Married-civ-spouse","Transport-moving","Male",40,0
58,"HS-grad","Married-civ-spouse","Exec-managerial","Female",20,1
52,"HS-grad","Married-spouse-absent","Farming-fishing","Male",20,0
18,"11th","Never-married","Other-service","Male",20,0
27,"10th","Married-civ-spouse","Machine-op-inspct","Male",40,0
48,"Some-college","Married-civ-spouse","Prof-specialty","Male",45,0
63,"9th","Married-civ-spouse","Craft-repair","Male",16,0
38,"HS-grad","Married-civ-spouse","Craft-repair","Male",60,0
31,"Some-college","Married-civ-spouse","Adm-clerical","Male",40,0
40,"Some-college","Married-civ-spouse","Prof-specialty","Male",60,0
41,"HS-grad","Divorced","Exec-managerial","Male",40,0
28,"Bachelors","Never-married","Prof-specialty","Female",40,0
31,"Prof-school","Divorced","Prof-specialty","Male",50,1
32,"Assoc-voc","Married-civ-spouse","Craft-repair","Male",55,1
30,"HS-grad","Never-married","Handlers-cleaners","Male",72,0
39,"HS-grad","Divorced","Craft-repair","Male",40,0
28,"Bachelors","Married-civ-spouse","Sales","Male",50,0
31,"HS-grad","Never-married","Handlers-cleaners","Female",35,0
44,"Masters","Married-civ-spouse","Prof-specialty","Male",40,1
22,"Some-college","Never-married","Farming-fishing","Male",25,0
36,"Assoc-acdm","Married-civ-spouse","Craft-repair","Male",35,0
39,"Masters","Never-married","Exec-managerial","Male",40,0
61,"Some-college","Married-civ-spouse","Exec-managerial","Male",40,0
31,"HS-grad","Divorced","Transport-moving","Male",40,0
21,"Some-college","Never-married","Other-service","Female",25,0
39,"Some-college","Married-civ-spouse","Farming-fishing","Male",90,0
34,"HS-grad","Married-civ-spouse","Farming-fishing","Male",80,0
21,"Some-college","Never-married","Other-service","Male",15,0
75,"Bachelors","Widowed","Prof-specialty","Male",48,1
21,"Some-college","Never-married","Other-service","Male",24,0
81,"Some-college","Married-civ-spouse","Sales","Male",15,0
54,"HS-grad","Divorced","Other-service","Male",40,0
34,"Bachelors","Married-civ-spouse","Prof-specialty","Male",65,0
54,"Prof-school","Married-civ-spouse","Prof-specialty","Male",50,1
41,"HS-grad","Married-civ-spouse","Other-service","Male",45,0
63,"HS-grad","Married-civ-spouse","Other-service","Male",20,0
24,"Some-college","Never-married","Machine-op-inspct","Male",40,0
20,"HS-grad","Married-civ-spouse","Adm-clerical","Female",40,0
44,"Bachelors","Divorced","Prof-specialty","Female",60,0
47,"Bachelors","Married-civ-spouse","Sales","Male",40,1
31,"Some-college","Married-civ-spouse","Craft-repair","Male",40,0
41,"7th-8th","Divorced","Craft-repair","Male",40,0
53,"HS-grad","Married-civ-spouse","Craft-repair","Male",60,0
63,"HS-grad","Married-civ-spouse","Adm-clerical","Female",40,0
44,"Masters","Married-civ-spouse","Prof-specialty","Male",45,1
37,"HS-grad","Married-civ-spouse","Craft-repair","Male",46,1
28,"Some-college","Married-civ-spouse","Craft-repair","Male",50,1
57,"HS-grad","Divorced","Adm-clerical","Female",40,0
22,"Some-college","Never-married","Farming-fishing","Male",10,0
33,"Bachelors","Married-civ-spouse","Adm-clerical","Male",45,1
30,"Some-college","Divorced","Adm-clerical","Female",55,0
20,"HS-grad","Never-married","Craft-repair","Male",40,0
28,"Bachelors","Never-married","Adm-clerical","Female",45,0
54,"11th","Divorced","Priv-house-serv","Female",10,0
20,"HS-grad","Never-married","Handlers-cleaners","Male",35,0
34,"HS-grad","Married-civ-spouse","Exec-managerial","Male",40,0
21,"Some-college","Never-married","Adm-clerical","Male",40,0
29,"Some-college","Never-married","Other-service","Female",40,0
51,"Some-college","Divorced","Exec-managerial","Female",40,0
39,"HS-grad","Divorced","Machine-op-inspct","Female",70,0
19,"Some-college","Never-married","Adm-clerical","Female",38,0
22,"HS-grad","Never-married","Farming-fishing","Male",40,0
59,"Some-college","Divorced","Adm-clerical","Female",38,0
18,"11th","Never-married","Sales","Male",13,0
22,"HS-grad","Never-married","Other-service","Male",20,0
42,"Some-college","Married-civ-spouse","Craft-repair","Male",40,1
39,"Assoc-acdm","Never-married","Craft-repair","Male",40,0
31,"Bachelors","Married-civ-spouse","Sales","Male",40,1
28,"11th","Separated","Craft-repair","Female",40,0
22,"Bachelors","Never-married","Exec-managerial","Female",7,0
67,"Masters","Never-married","Other-service","Female",40,0
17,"11th","Never-married","Sales","Female",25,0
47,"Assoc-acdm","Married-civ-spouse","Adm-clerical","Male",40,1
23,"Bachelors","Never-married","Adm-clerical","Female",5,0
20,"HS-grad","Married-civ-spouse","Other-service","Female",40,0
22,"HS-grad","Never-married","Sales","Female",40,0
47,"7th-8th","Married-civ-spouse","Transport-moving","Male",40,0
49,"Some-college","Married-civ-spouse","Sales","Female",40,1
35,"Some-college","Divorced","Exec-managerial","Female",40,0
52,"Some-college","Divorced","Exec-managerial","Female",40,0
29,"HS-grad","Never-married","Sales","Female",40,0
73,"10th","Widowed","Sales","Female",40,0
38,"HS-grad","Married-civ-spouse","Prof-specialty","Male",50,1
59,"HS-grad","Married-civ-spouse","Exec-managerial","Male",52,1
35,"Some-college","Married-civ-spouse","Craft-repair","Male",35,0
18,"Some-college","Never-married","Sales","Female",15,0
24,"HS-grad","Married-civ-spouse","Adm-clerical","Female",40,0
33,"Bachelors","Married-civ-spouse","Prof-specialty","Male",50,0
40,"Some-college","Divorced","Exec-managerial","Female",55,0
55,"HS-grad","Widowed","Adm-clerical","Female",40,0
44,"HS-grad","Divorced","Prof-specialty","Male",40,0
40,"Bachelors","Never-married","Prof-specialty","Female",60,0
22,"HS-grad","Divorced","Handlers-cleaners","Male",40,0
55,"Some-college","Married-civ-spouse","Exec-managerial","Female",40,1
45,"HS-grad","Separated","Tech-support","Female",26,0
47,"Bachelors","Never-married","Prof-specialty","Female",50,1
56,"HS-grad","Married-civ-spouse","Craft-repair","Male",40,0
44,"HS-grad","Married-civ-spouse","Machine-op-inspct","Male",40,0
32,"Some-college","Never-married","Adm-clerical","Male",38,0
17,"10th","Never-married","Other-service","Male",20,0
44,"Some-college","Divorced","Exec-managerial","Male",50,0
32,"Assoc-acdm","Never-married","Sales","Male",80,0
35,"Bachelors","Married-civ-spouse","Sales","Male",60,1
27,"HS-grad","Married-civ-spouse","Other-service","Male",40,0
32,"HS-grad","Married-civ-spouse","Prof-specialty","Male",50,0
68,"11th","Divorced","Transport-moving","Male",70,0
20,"Some-college","Never-married","Other-service","Female",20,0
33,"Some-college","Divorced","Adm-clerical","Female",40,0
24,"9th","Never-married","Handlers-cleaners","Male",12,0
48,"HS-grad","Married-civ-spouse","Craft-repair","Male",45,0
45,"Masters","Divorced","Prof-specialty","Female",50,0
48,"Some-college","Widowed","Adm-clerical","Female",40,0
28,"Masters","Married-civ-spouse","Prof-specialty","Male",45,1
39,"Masters","Divorced","Prof-specialty","Female",40,0
23,"Some-college","Never-married","Other-service","Male",30,0
23,"12th","Never-married","Exec-managerial","Male",40,0
36,"Some-college","Separated","Adm-clerical","Female",40,0
25,"Bachelors","Married-civ-spouse","Prof-specialty","Female",40,0
52,"HS-grad","Never-married","Other-service","Male",40,0
35,"HS-grad","Married-civ-spouse","Craft-repair","Male",40,0
41,"HS-grad","Married-civ-spouse","Exec-managerial","Male",40,0
45,"Bachelors","Married-civ-spouse","Sales","Female",42,1
58,"Assoc-voc","Widowed","Prof-specialty","Female",40,0
67,"HS-grad","Married-civ-spouse","Adm-clerical","Female",2,0
48,"HS-grad","Married-civ-spouse","Prof-specialty","Female",8,0
63,"HS-grad","Married-civ-spouse","Craft-repair","Male",48,0
24,"Some-college","Married-civ-spouse","Protective-serv","Male",72,1
43,"Some-college","Married-civ-spouse","Craft-repair","Male",40,1
36,"HS-grad","Divorced","Transport-moving","Male",60,0
32,"HS-grad","Married-civ-spouse","Transport-moving","Male",72,0
36,"Some-college","Never-married","Craft-repair","Male",40,0
43,"Some-college","Never-married","Adm-clerical","Female",50,0
27,"HS-grad","Never-married","Adm-clerical","Female",40,0
17,"11th","Never-married","Other-service","Male",12,0
45,"Bachelors","Divorced","Sales","Female",46,0
41,"HS-grad","Married-civ-spouse","Craft-repair","Male",40,0
41,"HS-grad","Married-civ-spouse","Exec-managerial","Male",38,0
48,"Assoc-acdm","Separated","Adm-clerical","Female",40,0
26,"Some-college","Never-married","Other-service","Female",24,0
54,"Preschool","Married-civ-spouse","Farming-fishing","Male",60,0
22,"Some-college","Divorced","Sales","Female",48,0
19,"HS-grad","Never-married","Transport-moving","Male",35,0
47,"7th-8th","Divorced","Handlers-cleaners","Male",40,0
32,"HS-grad","Married-spouse-absent","Other-service","Female",20,0
46,"Bachelors","Married-civ-spouse","Exec-managerial","Male",60,1
30,"Bachelors","Never-married","Tech-support","Female",40,1
35,"Masters","Never-married","Exec-managerial","Male",40,0
52,"Assoc-voc","Married-civ-spouse","Tech-support","Male",40,0
73,"12th","Married-civ-spouse","Farming-fishing","Male",18,0
17,"10th","Never-married","Other-service","Male",10,0
32,"Bachelors","Separated","Prof-specialty","Female",32,0
43,"Masters","Married-civ-spouse","Prof-specialty","Male",40,1
26,"HS-grad","Never-married","Machine-op-inspct","Female",40,0
41,"Masters","Married-civ-spouse","Exec-managerial","Male",40,1
49,"Assoc-acdm","Married-civ-spouse","Sales","Male",60,1
52,"Some-college","Separated","Protective-serv","Male",40,0
35,"HS-grad","Separated","Adm-clerical","Female",32,0
57,"11th","Married-civ-spouse","Other-service","Male",52,0
35,"Assoc-voc","Married-spouse-absent","Prof-specialty","Female",44,0
33,"Bachelors","Never-married","Prof-specialty","Male",40,0
56,"7th-8th","Divorced","Transport-moving","Male",40,0
42,"Bachelors","Never-married","Sales","Male",60,0
17,"Some-college","Never-married","Adm-clerical","Male",20,0
49,"HS-grad","Divorced","Adm-clerical","Female",35,0
39,"Prof-school","Married-civ-spouse","Prof-specialty","Male",45,1
34,"Some-college","Divorced","Adm-clerical","Female",50,0
37,"Some-college","Never-married","Prof-specialty","Male",40,0
22,"12th","Never-married","Other-service","Male",35,0
27,"Assoc-voc","Married-civ-spouse","Craft-repair","Male",40,0
21,"Some-college","Never-married","Sales","Female",25,0
44,"Bachelors","Married-civ-spouse","Adm-clerical","Male",40,1
53,"10th","Married-spouse-absent","Transport-moving","Male",99,0
26,"11th","Never-married","Craft-repair","Male",40,0
48,"Bachelors","Married-civ-spouse","Exec-managerial","Male",45,1
39,"Bachelors","Married-civ-spouse","Exec-managerial","Male",70,0
34,"HS-grad","Never-married","Other-service","Female",32,0
54,"Bachelors","Married-civ-spouse","Exec-managerial","Male",38,0
36,"HS-grad","Married-civ-spouse","Transport-moving","Male",50,1
60,"HS-grad","Married-civ-spouse","Prof-specialty","Male",40,0
50,"HS-grad","Married-civ-spouse","Protective-serv","Male",40,1
48,"Bachelors","Married-civ-spouse","Prof-specialty","Male",45,0
35,"Some-college","Never-married","Adm-clerical","Female",40,0
40,"Assoc-acdm","Divorced","Prof-specialty","Female",50,0
30,"Bachelors","Married-civ-spouse","Exec-managerial","Male",70,0
65,"Some-college","Married-civ-spouse","Machine-op-inspct","Male",40,1
31,"HS-grad","Married-civ-spouse","Craft-repair","Male",60,0
46,"Assoc-acdm","Married-civ-spouse","Adm-clerical","Male",40,0
62,"Assoc-voc","Married-civ-spouse","Exec-managerial","Male",50,0
38,"Bachelors","Never-married","Exec-managerial","Female",40,0
24,"Bachelors","Never-married","Other-service","Female",30,0
24,"Some-college","Never-married","Sales","Female",50,0
27,"Bachelors","Never-married","Prof-specialty","Female",48,0
43,"Assoc-acdm","Married-spouse-absent","Other-service","Female",30,0
48,"HS-grad","Divorced","Handlers-cleaners","Female",40,0
41,"HS-grad","Separated","Craft-repair","Male",40,0
30,"Some-college","Married-civ-spouse","Tech-support","Female",45,0
38,"Bachelors","Married-civ-spouse","Sales","Male",40,1
45,"Prof-school","Never-married","Prof-specialty","Male",40,1
45,"Bachelors","Never-married","Prof-specialty","Male",40,0
55,"Some-college","Divorced","Adm-clerical","Female",38,0
46,"7th-8th","Married-civ-spouse","Exec-managerial","Male",75,0
24,"Bachelors","Never-married","Prof-specialty","Male",40,0
31,"Some-college","Never-married","Adm-clerical","Female",25,0
35,"HS-grad","Married-civ-spouse","Craft-repair","Male",35,0
37,"Some-college","Separated","Adm-clerical","Female",40,0
29,"Some-college","Married-civ-spouse","Prof-specialty","Male",45,0
56,"Bachelors","Married-civ-spouse","Exec-managerial","Male",50,1
25,"Bachelors","Never-married","Exec-managerial","Male",60,0
33,"10th","Married-civ-spouse","Machine-op-inspct","Male",40,0
44,"HS-grad","Never-married","Sales","Female",40,0
21,"HS-grad","Never-married","Craft-repair","Male",40,0
21,"HS-grad","Never-married","Adm-clerical","Male",40,0
46,"Masters","Married-civ-spouse","Exec-managerial","Male",40,1
44,"Some-college","Married-civ-spouse","Exec-managerial","Male",50,1
63,"Bachelors","Divorced","Exec-managerial","Female",40,0
44,"HS-grad","Married-civ-spouse","Adm-clerical","Female",30,0
31,"Some-college","Married-civ-spouse","Craft-repair","Male",45,0
26,"Some-college","Married-civ-spouse","Exec-managerial","Male",42,0
37,"HS-grad","Never-married","Transport-moving","Male",50,0
33,"Bachelors","Married-civ-spouse","Craft-repair","Male",45,0
38,"Bachelors","Married-civ-spouse","Exec-managerial","Male",40,0
26,"Assoc-voc","Never-married","Sales","Female",35,0
46,"Assoc-voc","Divorced","Exec-managerial","Female",63,0
24,"HS-grad","Never-married","Other-service","Female",35,0
47,"Masters","Married-civ-spouse","Prof-specialty","Male",35,1
27,"Some-college","Never-married","Tech-support","Female",30,0
46,"Some-college","Married-civ-spouse","Craft-repair","Male",40,0
47,"Assoc-acdm","Married-civ-spouse","Adm-clerical","Male",40,1
47,"HS-grad","Divorced","Adm-clerical","Male",40,0
69,"HS-grad","Widowed","Machine-op-inspct","Male",40,0
32,"HS-grad","Married-civ-spouse","Sales","Male",40,1
51,"HS-grad","Married-civ-spouse","Transport-moving","Male",40,0
36,"HS-grad","Married-civ-spouse","Sales","Male",40,1
50,"Masters","Married-civ-spouse","Prof-specialty","Female",40,0
29,"Doctorate","Married-civ-spouse","Prof-specialty","Male",60,0
32,"Prof-school","Married-civ-spouse","Prof-specialty","Male",40,0
27,"10th","Divorced","Transport-moving","Male",75,0
60,"7th-8th","Divorced","Adm-clerical","Female",35,0
31,"HS-grad","Married-civ-spouse","Other-service","Male",40,0
46,"Assoc-acdm","Married-civ-spouse","Craft-repair","Male",40,0
40,"HS-grad","Never-married","Adm-clerical","Female",40,0
39,"Some-college","Married-civ-spouse","Craft-repair","Male",52,1
69,"7th-8th","Married-civ-spouse","Sales","Male",55,0
54,"Bachelors","Married-civ-spouse","Exec-managerial","Male",40,1
56,"HS-grad","Divorced","Adm-clerical","Female",40,0
47,"Some-college","Divorced","Adm-clerical","Female",40,0
25,"Assoc-acdm","Never-married","Tech-support","Female",45,0
34,"HS-grad","Married-civ-spouse","Transport-moving","Male",60,0
24,"7th-8th","Never-married","Farming-fishing","Male",50,0
63,"Some-college","Married-civ-spouse","Craft-repair","Male",45,0
29,"Masters","Married-civ-spouse","Prof-specialty","Male",50,0
64,"Some-college","Married-civ-spouse","Adm-clerical","Male",40,0
44,"Bachelors","Never-married","Prof-specialty","Male",40,0
26,"HS-grad","Never-married","Craft-repair","Male",60,0
36,"10th","Divorced","Other-service","Female",40,0
55,"Bachelors","Married-civ-spouse","Adm-clerical","Male",38,1
37,"HS-grad","Married-civ-spouse","Handlers-cleaners","Female",40,1
37,"10th","Never-married","Machine-op-inspct","Male",65,0
63,"Bachelors","Married-civ-spouse","Prof-specialty","Female",36,1
33,"HS-grad","Married-civ-spouse","Transport-moving","Male",60,0
19,"Some-college","Never-married","Adm-clerical","Female",10,0
57,"Masters","Married-civ-spouse","Prof-specialty","Female",40,1
31,"Assoc-acdm","Married-civ-spouse","Sales","Male",45,1
58,"HS-grad","Married-civ-spouse","Exec-managerial","Male",40,1
25,"Some-college","Married-civ-spouse","Sales","Male",40,0
40,"HS-grad","Divorced","Adm-clerical","Female",40,0
18,"11th","Never-married","Other-service","Male",20,0
26,"HS-grad","Never-married","Adm-clerical","Male",40,0
29,"Doctorate","Married-civ-spouse","Prof-specialty","Male",50,1
45,"Bachelors","Married-civ-spouse","Prof-specialty","Male",40,0
35,"Some-college","Never-married","Adm-clerical","Female",38,0
32,"Some-college","Divorced","Machine-op-inspct","Male",45,0
61,"HS-grad","Widowed","Other-service","Female",40,0
26,"Bachelors","Never-married","Prof-specialty","Male",15,0
56,"HS-grad","Married-civ-spouse","Craft-repair","Male",40,1
22,"Some-college","Married-spouse-absent","Adm-clerical","Female",39,0
49,"Bachelors","Married-civ-spouse","Machine-op-inspct","Male",48,0
40,"HS-grad","Married-civ-spouse","Other-service","Female",12,0
37,"HS-grad","Separated","Exec-managerial","Male",40,0
28,"Bachelors","Married-civ-spouse","Sales","Male",60,1
27,"HS-grad","Married-civ-spouse","Machine-op-inspct","Male",40,0
34,"Assoc-voc","Divorced","Sales","Female",40,0
49,"9th","Married-civ-spouse","Handlers-cleaners","Male",45,0
41,"Some-college","Never-married","Craft-repair","Male",40,0
28,"Bachelors","Never-married","Adm-clerical","Male",21,0
38,"Some-college","Married-civ-spouse","Exec-managerial","Male",55,1
47,"Assoc-acdm","Married-civ-spouse","Protective-serv","Male",40,0
28,"HS-grad","Married-civ-spouse","Protective-serv","Male",40,0
44,"Masters","Married-civ-spouse","Prof-specialty","Male",50,1
41,"Bachelors","Divorced","Prof-specialty","Male",40,0
50,"Prof-school","Married-civ-spouse","Prof-specialty","Male",36,1
73,"HS-grad","Widowed","Craft-repair","Male",24,0
21,"Some-college","Never-married","Other-service","Male",40,0
38,"HS-grad","Divorced","Adm-clerical","Female",40,0
47,"Some-college","Divorced","Tech-support","Female",40,0
52,"Some-college","Married-civ-spouse","Transport-moving","Male",60,1
24,"Bachelors","Never-married","Sales","Male",45,0
44,"Bachelors","Married-civ-spouse","Exec-managerial","Male",40,1
27,"7th-8th","Divorced","Machine-op-inspct","Male",40,0
61,"Some-college","Married-civ-spouse","Sales","Male",60,1
58,"Bachelors","Married-civ-spouse","Sales","Male",40,1
51,"Bachelors","Never-married","Sales","Female",43,1
49,"Some-college","Divorced","Sales","Female",55,0
23,"Some-college","Never-married","Adm-clerical","Male",20,0
19,"Assoc-voc","Never-married","Adm-clerical","Female",40,0
21,"HS-grad","Never-married","Farming-fishing","Male",53,0
56,"11th","Divorced","Sales","Female",40,0
35,"12th","Married-civ-spouse","Craft-repair","Male",40,0
37,"Some-college","Divorced","Tech-support","Female",20,0
41,"Doctorate","Divorced","Sales","Female",50,1
30,"11th","Married-civ-spouse","Sales","Male",40,0
47,"Some-college","Married-civ-spouse","Craft-repair","Male",40,0
59,"10th","Widowed","Exec-managerial","Female",50,1
55,"11th","Married-civ-spouse","Machine-op-inspct","Male",32,0
31,"10th","Never-married","Adm-clerical","Female",40,0
30,"Masters","Married-civ-spouse","Adm-clerical","Male",40,1
24,"Bachelors","Never-married","Exec-managerial","Male",48,0
49,"Some-college","Married-civ-spouse","Craft-repair","Male",40,0
23,"7th-8th","Never-married","Craft-repair","Male",25,0
50,"HS-grad","Divorced","Adm-clerical","Female",35,0
38,"Bachelors","Never-married","Adm-clerical","Male",40,0
20,"Some-college","Never-married","Prof-specialty","Female",20,0
49,"Some-college","Married-civ-spouse","Craft-repair","Male",50,1
45,"HS-grad","Widowed","Other-service","Female",50,0
46,"Bachelors","Married-civ-spouse","Prof-specialty","Male",50,1
19,"HS-grad","Never-married","Other-service","Female",30,0
31,"Bachelors","Never-married","Exec-managerial","Female",40,0
38,"HS-grad","Divorced","Other-service","Female",40,0
56,"Masters","Married-civ-spouse","Craft-repair","Male",50,1
24,"Bachelors","Never-married","Exec-managerial","Male",40,0
58,"HS-grad","Married-civ-spouse","Exec-managerial","Male",50,0
28,"HS-grad","Married-civ-spouse","Other-service","Male",40,0
22,"HS-grad","Married-civ-spouse","Other-service","Male",40,0
46,"HS-grad","Divorced","Transport-moving","Male",40,0
30,"Preschool","Never-married","Farming-fishing","Male",40,0
56,"Bachelors","Married-civ-spouse","Adm-clerical","Male",45,1
56,"HS-grad","Married-civ-spouse","Transport-moving","Male",44,1
50,"Some-college","Married-civ-spouse","Exec-managerial","Male",40,0
30,"Bachelors","Never-married","Adm-clerical","Female",40,0
24,"HS-grad","Never-married","Machine-op-inspct","Male",40,0
42,"Assoc-voc","Divorced","Prof-specialty","Female",40,0
31,"HS-grad","Married-civ-spouse","Craft-repair","Male",40,1
46,"10th","Never-married","Other-service","Female",25,0
31,"Bachelors","Never-married","Sales","Female",65,1
38,"Bachelors","Married-civ-spouse","Prof-specialty","Female",40,1
44,"Masters","Married-civ-spouse","Prof-specialty","Male",40,1
55,"Bachelors","Married-civ-spouse","Exec-managerial","Male",50,1
19,"HS-grad","Never-married","Other-service","Male",20,0
45,"Masters","Divorced","Exec-managerial","Female",40,1
50,"Some-college","Married-civ-spouse","Craft-repair","Male",70,0
53,"9th","Married-civ-spouse","Other-service","Male",40,0
41,"Bachelors","Married-civ-spouse","Sales","Male",65,1
45,"Some-college","Divorced","Other-service","Female",40,0
21,"10th","Never-married","Adm-clerical","Female",39,0
37,"Bachelors","Married-civ-spouse","Tech-support","Female",40,1
42,"HS-grad","Separated","Adm-clerical","Female",40,0
37,"HS-grad","Married-civ-spouse","Tech-support","Male",30,0
45,"Assoc-voc","Married-civ-spouse","Farming-fishing","Male",60,0
32,"Some-college","Never-married","Tech-support","Female",20,0
30,"Prof-school","Married-civ-spouse","Prof-specialty","Male",50,0
37,"HS-grad","Divorced","Machine-op-inspct","Female",56,0
32,"Some-college","Married-civ-spouse","Sales","Male",40,1
43,"Bachelors","Married-civ-spouse","Prof-specialty","Male",40,1
46,"Masters","Divorced","Prof-specialty","Female",50,0
33,"Masters","Never-married","Exec-managerial","Female",40,0
48,"HS-grad","Never-married","Adm-clerical","Female",40,0
34,"HS-grad","Married-civ-spouse","Sales","Female",40,0
34,"Some-college","Never-married","Protective-serv","Male",50,1
33,"HS-grad","Divorced","Farming-fishing","Male",40,0
36,"Bachelors","Married-civ-spouse","Exec-managerial","Female",60,0
23,"HS-grad","Never-married","Sales","Male",55,0
39,"HS-grad","Married-civ-spouse","Exec-managerial","Male",40,0
22,"Assoc-acdm","Never-married","Sales","Female",25,0
19,"HS-grad","Never-married","Farming-fishing","Male",20,0
47,"HS-grad","Married-civ-spouse","Sales","Male",45,1
46,"Assoc-voc","Never-married","Transport-moving","Male",50,0
47,"Masters","Divorced","Sales","Female",6,0
47,"Doctorate","Married-civ-spouse","Prof-specialty","Male",35,1
52,"Some-college","Divorced","Transport-moving","Female",40,0
38,"9th","Married-civ-spouse","Craft-repair","Male",40,0
58,"HS-grad","Married-civ-spouse","Sales","Male",40,1
32,"5th-6th","Married-civ-spouse","Other-service","Male",40,0
54,"Assoc-voc","Married-civ-spouse","Tech-support","Female",10,0
20,"Some-college","Never-married","Adm-clerical","Male",25,0
25,"Assoc-acdm","Never-married","Sales","Male",48,0
25,"9th","Never-married","Craft-repair","Male",15,0
36,"Bachelors","Divorced","Prof-specialty","Male",44,0
69,"HS-grad","Married-civ-spouse","Tech-support","Male",30,0
28,"Bachelors","Married-civ-spouse","Prof-specialty","Female",45,1
20,"Some-college","Never-married","Adm-clerical","Female",20,0
21,"7th-8th","Never-married","Farming-fishing","Male",40,0
37,"Bachelors","Married-civ-spouse","Tech-support","Male",40,1
21,"HS-grad","Never-married","Machine-op-inspct","Male",32,0
39,"HS-grad","Married-civ-spouse","Other-service","Female",40,0
34,"Assoc-voc","Married-civ-spouse","Other-service","Male",40,1
33,"HS-grad","Married-civ-spouse","Craft-repair","Male",40,0
47,"HS-grad","Married-civ-spouse","Transport-moving","Male",50,1
29,"Assoc-voc","Never-married","Adm-clerical","Female",40,0
48,"HS-grad","Married-civ-spouse","Tech-support","Male",89,0
42,"Doctorate","Married-civ-spouse","Prof-specialty","Male",60,1
29,"11th","Divorced","Machine-op-inspct","Female",40,0
34,"HS-grad","Never-married","Handlers-cleaners","Male",40,0
20,"Some-college","Never-married","Other-service","Male",25,0
41,"Masters","Married-civ-spouse","Prof-specialty","Male",40,1
45,"Some-college","Divorced","Exec-managerial","Male",50,0
23,"HS-grad","Divorced","Handlers-cleaners","Male",44,0
19,"Some-college","Never-married","Adm-clerical","Female",38,0
24,"Some-college","Never-married","Craft-repair","Male",40,0
32,"HS-grad","Divorced","Craft-repair","Male",40,0
52,"Masters","Divorced","Prof-specialty","Male",50,1
36,"HS-grad","Never-married","Sales","Male",60,1
18,"10th","Never-married","Machine-op-inspct","Male",30,0
27,"HS-grad","Divorced","Sales","Female",40,0
26,"Some-college","Married-civ-spouse","Sales","Male",60,0
52,"Assoc-acdm","Divorced","Prof-specialty","Female",32,0
24,"Some-college","Never-married","Craft-repair","Male",40,0
42,"HS-grad","Divorced","Adm-clerical","Male",40,0
39,"Prof-school","Married-civ-spouse","Prof-specialty","Female",60,1
20,"Some-college","Never-married","Adm-clerical","Female",10,0
35,"HS-grad","Never-married","Machine-op-inspct","Female",48,0
54,"Bachelors","Married-civ-spouse","Other-service","Male",40,0
24,"Bachelors","Never-married","Exec-managerial","Male",40,0
24,"Bachelors","Never-married","Prof-specialty","Female",8,0
20,"Some-college","Never-married","Adm-clerical","Female",15,0
28,"Bachelors","Never-married","Prof-specialty","Female",35,0
36,"HS-grad","Married-civ-spouse","Craft-repair","Male",47,0
38,"Some-college","Separated","Machine-op-inspct","Male",55,1
22,"HS-grad","Never-married","Adm-clerical","Female",60,0
56,"HS-grad","Married-civ-spouse","Machine-op-inspct","Male",40,0
24,"Bachelors","Married-civ-spouse","Prof-specialty","Male",45,0
24,"Some-college","Never-married","Other-service","Female",75,0
22,"Assoc-acdm","Never-married","Adm-clerical","Female",40,0
21,"Some-college","Never-married","Exec-managerial","Female",30,0
42,"Bachelors","Married-civ-spouse","Exec-managerial","Male",40,1
41,"Masters","Divorced","Prof-specialty","Female",55,0
19,"HS-grad","Never-married","Other-service","Female",20,0
67,"Some-college","Married-civ-spouse","Farming-fishing","Male",44,0
20,"Some-college","Never-married","Sales","Female",30,0
32,"HS-grad","Married-civ-spouse","Craft-repair","Male",40,0
46,"HS-grad","Separated","Machine-op-inspct","Female",40,0
52,"HS-grad","Never-married","Sales","Female",36,0
44,"Bachelors","Divorced","Prof-specialty","Male",40,0
37,"Bachelors","Married-civ-spouse","Prof-specialty","Male",40,1
27,"Some-college","Married-civ-spouse","Farming-fishing","Male",50,0
35,"HS-grad","Married-civ-spouse","Machine-op-inspct","Female",35,0
30,"HS-grad","Never-married","Adm-clerical","Female",45,0
64,"HS-grad","Married-civ-spouse","Craft-repair","Male",40,0
48,"HS-grad","Divorced","Adm-clerical","Female",37,1
35,"7th-8th","Divorced","Tech-support","Female",40,0
28,"Bachelors","Never-married","Tech-support","Male",45,0
63,"Bachelors","Married-civ-spouse","Prof-specialty","Male",32,1
40,"Prof-school","Married-civ-spouse","Prof-specialty","Male",55,1
33,"Some-college","Never-married","Sales","Male",40,0
40,"Some-college","Married-civ-spouse","Craft-repair","Male",50,1
25,"7th-8th","Never-married","Sales","Male",45,0
45,"Bachelors","Married-civ-spouse","Exec-managerial","Male",38,1
30,"Some-college","Married-civ-spouse","Machine-op-inspct","Male",40,1
53,"Some-college","Never-married","Adm-clerical","Female",40,0
63,"HS-grad","Married-civ-spouse","Adm-clerical","Male",40,0
27,"Some-college","Married-civ-spouse","Protective-serv","Male",60,0
31,"11th","Never-married","Craft-repair","Male",40,0
33,"HS-grad","Married-civ-spouse","Transport-moving","Male",60,0
39,"Bachelors","Divorced","Protective-serv","Male",40,1
42,"Some-college","Married-civ-spouse","Craft-repair","Male",45,1
19,"HS-grad","Never-married","Other-service","Male",30,0
31,"Bachelors","Married-civ-spouse","Prof-specialty","Male",40,0
53,"HS-grad","Married-civ-spouse","Craft-repair","Male",40,0
47,"Some-college","Married-civ-spouse","Prof-specialty","Male",20,0
27,"Doctorate","Never-married","Adm-clerical","Female",40,0
22,"HS-grad","Never-married","Tech-support","Female",40,0
29,"HS-grad","Married-civ-spouse","Sales","Female",40,1
52,"HS-grad","Widowed","Sales","Female",40,0
32,"Assoc-voc","Divorced","Craft-repair","Male",46,0
23,"HS-grad","Never-married","Sales","Male",40,0
27,"Some-college","Never-married","Adm-clerical","Male",20,0
53,"HS-grad","Widowed","Machine-op-inspct","Female",40,0
18,"HS-grad","Never-married","Handlers-cleaners","Male",20,0
41,"Bachelors","Separated","Sales","Female",30,0
27,"HS-grad","Married-civ-spouse","Machine-op-inspct","Female",40,0
30,"Some-college","Divorced","Sales","Male",40,0
41,"HS-grad","Divorced","Tech-support","Female",40,0
21,"Some-college","Never-married","Adm-clerical","Female",30,0
58,"HS-grad","Married-spouse-absent","Other-service","Female",40,0
45,"Bachelors","Divorced","Protective-serv","Female",40,0
40,"10th","Divorced","Transport-moving","Male",40,0
21,"Some-college","Never-married","Adm-clerical","Female",40,0
29,"Bachelors","Never-married","Prof-specialty","Female",40,0
50,"Assoc-voc","Married-civ-spouse","Other-service","Female",40,0
26,"HS-grad","Married-civ-spouse","Craft-repair","Male",40,0
23,"HS-grad","Separated","Handlers-cleaners","Female",40,0
27,"Bachelors","Never-married","Tech-support","Male",40,0
36,"Bachelors","Never-married","Adm-clerical","Female",40,0
22,"HS-grad","Never-married","Adm-clerical","Male",40,0
37,"Some-college","Never-married","Other-service","Male",40,0
54,"Bachelors","Married-civ-spouse","Transport-moving","Male",40,0
36,"HS-grad","Divorced","Farming-fishing","Male",50,0
44,"Assoc-voc","Married-civ-spouse","Exec-managerial","Male",40,0
38,"Some-college","Married-civ-spouse","Protective-serv","Male",40,1
49,"Some-college","Divorced","Craft-repair","Female",40,0
18,"11th","Never-married","Handlers-cleaners","Male",12,0
26,"Bachelors","Never-married","Sales","Male",48,0
32,"11th","Married-civ-spouse","Machine-op-inspct","Female",40,0
35,"HS-grad","Never-married","Tech-support","Male",40,0
40,"HS-grad","Never-married","Adm-clerical","Female",45,0
40,"HS-grad","Married-civ-spouse","Craft-repair","Male",40,0
42,"Prof-school","Married-civ-spouse","Prof-specialty","Male",72,1
30,"HS-grad","Married-civ-spouse","Sales","Male",40,0
19,"Some-college","Never-married","Sales","Female",20,0
36,"Assoc-acdm","Married-civ-spouse","Sales","Male",60,1
31,"HS-grad","Never-married","Sales","Female",40,0
50,"Assoc-acdm","Married-civ-spouse","Exec-managerial","Male",60,0
38,"HS-grad","Divorced","Craft-repair","Male",40,0
35,"Some-college","Married-civ-spouse","Prof-specialty","Male",50,1
45,"Bachelors","Married-civ-spouse","Prof-specialty","Male",40,1
29,"10th","Separated","Sales","Female",40,0
41,"Some-college","Divorced","Craft-repair","Male",46,1
33,"Prof-school","Never-married","Prof-specialty","Female",50,1
49,"Some-college","Never-married","Other-service","Female",60,0
28,"Some-college","Married-civ-spouse","Exec-managerial","Male",40,1
49,"Bachelors","Married-civ-spouse","Protective-serv","Male",40,1
27,"HS-grad","Separated","Machine-op-inspct","Female",40,0
47,"HS-grad","Married-civ-spouse","Exec-managerial","Male",32,0
42,"Doctorate","Never-married","Exec-managerial","Female",40,1
30,"HS-grad","Never-married","Exec-managerial","Male",60,0
37,"HS-grad","Married-civ-spouse","Craft-repair","Male",40,0
37,"Doctorate","Married-civ-spouse","Prof-specialty","Female",35,0
51,"HS-grad","Married-spouse-absent","Sales","Female",38,0
27,"HS-grad","Married-civ-spouse","Other-service","Male",40,0
53,"HS-grad","Never-married","Sales","Female",40,0
45,"HS-grad","Never-married","Craft-repair","Male",40,0
37,"Bachelors","Married-civ-spouse","Prof-specialty","Male",45,0
54,"Masters","Married-civ-spouse","Prof-specialty","Male",40,1
47,"HS-grad","Married-civ-spouse","Exec-managerial","Male",42,1
35,"HS-grad","Married-civ-spouse","Other-service","Male",40,1
33,"HS-grad","Married-civ-spouse","Machine-op-inspct","Male",40,0
28,"Some-college","Never-married","Adm-clerical","Male",40,0
39,"Bachelors","Married-civ-spouse","Exec-managerial","Female",55,1
33,"Bachelors","Married-civ-spouse","Sales","Male",40,0
34,"11th","Never-married","Other-service","Female",40,0
53,"HS-grad","Married-civ-spouse","Transport-moving","Male",40,1
21,"Assoc-acdm","Never-married","Adm-clerical","Male",35,0
31,"Doctorate","Married-civ-spouse","Exec-managerial","Male",55,1
63,"HS-grad","Married-civ-spouse","Prof-specialty","Male",45,0
21,"Some-college","Never-married","Other-service","Male",30,0
59,"HS-grad","Married-civ-spouse","Craft-repair","Male",40,1
50,"1st-4th","Separated","Prof-specialty","Female",40,0
19,"HS-grad","Never-married","Transport-moving","Male",30,0
31,"Bachelors","Never-married","Tech-support","Male",45,0
23,"Bachelors","Married-civ-spouse","Prof-specialty","Female",40,0
45,"Assoc-voc","Married-civ-spouse","Exec-managerial","Female",40,1
35,"Bachelors","Married-civ-spouse","Prof-specialty","Male",40,0
32,"Bachelors","Never-married","Craft-repair","Male",40,0
20,"7th-8th","Never-married","Machine-op-inspct","Female",60,0
38,"HS-grad","Married-civ-spouse","Exec-managerial","Male",40,1
49,"HS-grad","Married-civ-spouse","Other-service","Female",8,0
64,"HS-grad","Divorced","Machine-op-inspct","Female",40,0
60,"11th","Married-civ-spouse","Transport-moving","Male",20,0
25,"Bachelors","Never-married","Prof-specialty","Female",50,0
21,"HS-grad","Never-married","Craft-repair","Male",35,0
26,"HS-grad","Never-married","Priv-house-serv","Female",15,0
23,"Some-college","Never-married","Adm-clerical","Male",20,0
67,"Masters","Married-civ-spouse","Sales","Male",48,1
24,"HS-grad","Divorced","Sales","Female",30,0
46,"1st-4th","Separated","Machine-op-inspct","Female",40,0
38,"Doctorate","Married-civ-spouse","Prof-specialty","Male",40,0
20,"7th-8th","Never-married","Machine-op-inspct","Male",40,0
26,"Bachelors","Never-married","Prof-specialty","Male",48,0
58,"HS-grad","Married-civ-spouse","Machine-op-inspct","Male",40,0
31,"Some-college","Never-married","Other-service","Male",40,0
37,"Assoc-acdm","Divorced","Protective-serv","Male",38,0
45,"7th-8th","Divorced","Machine-op-inspct","Female",35,0
33,"HS-grad","Never-married","Adm-clerical","Female",50,0
33,"Masters","Married-civ-spouse","Protective-serv","Male",40,0
35,"HS-grad","Divorced","Handlers-cleaners","Male",25,0
60,"HS-grad","Married-civ-spouse","Exec-managerial","Male",40,0
21,"Some-college","Never-married","Sales","Female",20,0
38,"10th","Married-civ-spouse","Craft-repair","Male",45,0
40,"Assoc-voc","Divorced","Craft-repair","Female",40,0
40,"Some-college","Married-civ-spouse","Sales","Female",40,1
44,"Prof-school","Married-civ-spouse","Prof-specialty","Male",70,1
27,"Some-college","Married-civ-spouse","Exec-managerial","Male",60,0
34,"Some-college","Married-civ-spouse","Craft-repair","Male",55,1
49,"Some-college","Married-civ-spouse","Protective-serv","Male",40,0
37,"Some-college","Married-civ-spouse","Craft-repair","Male",50,1
52,"10th","Married-civ-spouse","Transport-moving","Male",30,1
46,"Some-college","Married-civ-spouse","Machine-op-inspct","Male",40,0
43,"HS-grad","Married-civ-spouse","Craft-repair","Male",40,0
46,"Bachelors","Divorced","Adm-clerical","Female",40,1
25,"Some-college","Married-civ-spouse","Other-service","Female",15,0
48,"Bachelors","Divorced","Adm-clerical","Male",40,0
36,"Some-college","Divorced","Protective-serv","Male",55,0
37,"HS-grad","Divorced","Craft-repair","Male",40,1
42,"Masters","Married-civ-spouse","Prof-specialty","Male",50,1
60,"Assoc-acdm","Married-civ-spouse","Adm-clerical","Male",24,0
37,"Some-college","Married-civ-spouse","Transport-moving","Male",55,1
44,"Assoc-acdm","Divorced","Tech-support","Male",40,0
32,"10th","Married-civ-spouse","Craft-repair","Male",40,0
29,"Bachelors","Never-married","Adm-clerical","Female",40,0
42,"Masters","Married-civ-spouse","Prof-specialty","Male",35,1
17,"11th","Never-married","Handlers-cleaners","Male",12,0
41,"12th","Married-civ-spouse","Other-service","Female",10,0
34,"Some-college","Married-civ-spouse","Exec-managerial","Female",40,1
56,"10th","Separated","Other-service","Female",32,0
28,"Some-college","Never-married","Adm-clerical","Male",40,0
28,"11th","Never-married","Sales","Male",40,0
19,"7th-8th","Never-married","Transport-moving","Male",25,0
49,"Some-college","Married-civ-spouse","Tech-support","Male",40,1
36,"Some-college","Married-civ-spouse","Other-service","Female",50,0
25,"Some-college","Married-civ-spouse","Transport-moving","Male",35,0
42,"Bachelors","Divorced","Prof-specialty","Male",40,0
47,"Prof-school","Married-civ-spouse","Prof-specialty","Male",50,1
26,"Some-college","Married-civ-spouse","Protective-serv","Male",40,0
35,"Some-college","Married-civ-spouse","Exec-managerial","Male",58,0
37,"HS-grad","Married-civ-spouse","Craft-repair","Male",45,0
39,"HS-grad","Never-married","Protective-serv","Male",48,0
42,"HS-grad","Married-civ-spouse","Exec-managerial","Male",35,1
41,"Some-college","Divorced","Other-service","Female",36,1
23,"Some-college","Divorced","Other-service","Female",24,0
31,"HS-grad","Married-civ-spouse","Tech-support","Male",40,0
36,"Some-college","Married-civ-spouse","Protective-serv","Male",57,1
20,"Some-college","Never-married","Prof-specialty","Female",25,0
36,"Some-college","Never-married","Machine-op-inspct","Male",45,0
50,"HS-grad","Married-civ-spouse","Machine-op-inspct","Male",50,1
37,"HS-grad","Never-married","Machine-op-inspct","Male",40,0
25,"Bachelors","Never-married","Farming-fishing","Male",50,1
39,"Some-college","Divorced","Other-service","Female",60,0
32,"HS-grad","Married-civ-spouse","Farming-fishing","Female",40,0
59,"Some-college","Widowed","Adm-clerical","Female",35,0
29,"Bachelors","Married-civ-spouse","Craft-repair","Male",45,0
50,"HS-grad","Married-civ-spouse","Transport-moving","Male",40,0
42,"Assoc-voc","Married-civ-spouse","Sales","Male",37,0
32,"Some-college","Divorced","Prof-specialty","Male",40,0
48,"Assoc-acdm","Married-civ-spouse","Sales","Male",40,1
20,"HS-grad","Married-civ-spouse","Craft-repair","Male",35,0
50,"10th","Divorced","Craft-repair","Male",45,0
18,"Some-college","Never-married","Craft-repair","Male",30,0
60,"Masters","Never-married","Prof-specialty","Male",50,0
42,"Masters","Never-married","Prof-specialty","Male",22,0
49,"HS-grad","Divorced","Other-service","Female",35,0
35,"Some-college","Married-civ-spouse","Sales","Female",40,0
30,"Assoc-acdm","Married-civ-spouse","Sales","Male",60,0
59,"Some-college","Married-civ-spouse","Exec-managerial","Male",40,1
24,"HS-grad","Never-married","Other-service","Male",50,1
55,"Assoc-acdm","Divorced","Adm-clerical","Female",40,0
19,"HS-grad","Never-married","Adm-clerical","Female",20,0
39,"HS-grad","Married-civ-spouse","Craft-repair","Male",40,0
48,"Some-college","Divorced","Exec-managerial","Female",40,0
44,"Bachelors","Married-civ-spouse","Prof-specialty","Male",40,1
21,"Some-college","Never-married","Handlers-cleaners","Male",30,0
23,"Bachelors","Never-married","Tech-support","Male",40,0
22,"Some-college","Never-married","Other-service","Male",30,0
55,"Masters","Married-civ-spouse","Prof-specialty","Male",55,1
19,"Some-college","Never-married","Sales","Female",40,0
23,"Some-college","Never-married","Handlers-cleaners","Male",25,0
46,"HS-grad","Married-civ-spouse","Transport-moving","Male",44,1
23,"Bachelors","Never-married","Adm-clerical","Female",23,0
47,"Masters","Married-civ-spouse","Exec-managerial","Male",50,1
23,"Some-college","Never-married","Sales","Female",15,0
42,"Some-college","Married-civ-spouse","Other-service","Male",40,1
22,"Bachelors","Never-married","Adm-clerical","Female",10,0
18,"HS-grad","Never-married","Adm-clerical","Male",20,0
37,"Bachelors","Married-civ-spouse","Exec-managerial","Male",50,1
34,"9th","Married-civ-spouse","Craft-repair","Male",50,0
30,"Assoc-acdm","Separated","Other-service","Female",40,0
62,"Some-college","Widowed","Farming-fishing","Female",50,0
51,"Some-college","Married-civ-spouse","Handlers-cleaners","Male",40,0
34,"HS-grad","Married-civ-spouse","Other-service","Male",30,0
28,"Masters","Never-married","Prof-specialty","Male",40,0
56,"10th","Never-married","Handlers-cleaners","Male",40,0
46,"HS-grad","Divorced","Tech-support","Female",30,0
46,"Some-college","Married-civ-spouse","Tech-support","Male",45,1
23,"Some-college","Married-spouse-absent","Adm-clerical","Female",40,0
33,"Bachelors","Married-civ-spouse","Adm-clerical","Female",30,0
27,"HS-grad","Never-married","Other-service","Male",40,0
21,"Some-college","Never-married","Adm-clerical","Female",20,0
36,"5th-6th","Married-civ-spouse","Machine-op-inspct","Male",40,1
37,"Bachelors","Divorced","Prof-specialty","Female",36,0
39,"11th","Married-civ-spouse","Other-service","Male",40,0
36,"HS-grad","Married-civ-spouse","Transport-moving","Male",60,1
24,"Assoc-acdm","Never-married","Craft-repair","Male",40,0
26,"Assoc-acdm","Never-married","Exec-managerial","Female",40,0
37,"HS-grad","Divorced","Sales","Female",60,0
34,"HS-grad","Married-civ-spouse","Craft-repair","Male",50,0
33,"HS-grad","Divorced","Exec-managerial","Female",40,0
33,"HS-grad","Married-civ-spouse","Protective-serv","Male",30,0
20,"HS-grad","Never-married","Sales","Female",8,0
26,"Some-college","Divorced","Adm-clerical","Female",38,0
47,"HS-grad","Married-civ-spouse","Adm-clerical","Female",20,1
17,"11th","Never-married","Sales","Female",20,0
53,"Assoc-voc","Married-civ-spouse","Exec-managerial","Male",40,0
31,"Some-college","Divorced","Sales","Female",35,0
34,"11th","Married-civ-spouse","Machine-op-inspct","Male",40,0
23,"5th-6th","Married-civ-spouse","Other-service","Male",40,0
39,"Bachelors","Married-civ-spouse","Craft-repair","Male",45,1
21,"Some-college","Never-married","Adm-clerical","Female",20,0
40,"HS-grad","Never-married","Adm-clerical","Female",35,0
54,"Masters","Married-civ-spouse","Adm-clerical","Male",40,1
32,"Bachelors","Married-civ-spouse","Prof-specialty","Male",40,0
29,"HS-grad","Married-civ-spouse","Other-service","Female",40,0
27,"Bachelors","Married-civ-spouse","Protective-serv","Male",45,1
54,"Some-college","Never-married","Exec-managerial","Male",40,1
23,"HS-grad","Divorced","Priv-house-serv","Female",40,0
38,"Masters","Married-civ-spouse","Exec-managerial","Male",48,1
54,"HS-grad","Married-civ-spouse","Other-service","Female",35,0
21,"Some-college","Never-married","Prof-specialty","Male",40,0
40,"Assoc-voc","Never-married","Prof-specialty","Male",42,0
19,"10th","Never-married","Other-service","Female",40,0
35,"Bachelors","Married-civ-spouse","Adm-clerical","Female",40,0
39,"Some-college","Never-married","Adm-clerical","Female",45,0
41,"12th","Married-civ-spouse","Handlers-cleaners","Male",40,1
26,"Some-college","Never-married","Adm-clerical","Female",40,0
35,"HS-grad","Divorced","Other-service","Female",45,0
70,"Some-college","Married-civ-spouse","Craft-repair","Male",25,0
45,"10th","Married-civ-spouse","Sales","Male",40,0
83,"HS-grad","Widowed","Protective-serv","Male",55,0
59,"HS-grad","Separated","Other-service","Female",40,0
18,"9th","Never-married","Other-service","Male",15,0
31,"HS-grad","Married-civ-spouse","Adm-clerical","Male",40,0
43,"Masters","Married-civ-spouse","Prof-specialty","Female",45,1
24,"Bachelors","Never-married","Prof-specialty","Female",40,0
33,"Assoc-voc","Married-civ-spouse","Machine-op-inspct","Male",50,0
48,"Masters","Never-married","Prof-specialty","Female",52,0
27,"Bachelors","Married-civ-spouse","Exec-managerial","Male",40,0
41,"HS-grad","Married-civ-spouse","Craft-repair","Male",40,0
25,"HS-grad","Married-civ-spouse","Other-service","Female",25,0
53,"HS-grad","Divorced","Transport-moving","Male",40,1
66,"Prof-school","Married-civ-spouse","Prof-specialty","Male",50,0
31,"Some-college","Married-civ-spouse","Craft-repair","Male",40,1
30,"Bachelors","Married-spouse-absent","Adm-clerical","Male",40,0
22,"HS-grad","Divorced","Transport-moving","Male",40,0
47,"Bachelors","Married-civ-spouse","Sales","Male",60,1
74,"HS-grad","Married-civ-spouse","Exec-managerial","Male",40,1
37,"Some-college","Married-civ-spouse","Adm-clerical","Male",70,1
